Rk,Season,Team,W,G,W,L,W/L%,MP,FG,FGA,2P,2PA,3P,3PA,FT,FTA,ORB,DRB,TRB,AST,STL,BLK,TOV,PF,PTS,FG,FGA,2P,2PA,3P,3PA,FT,FTA,ORB,DRB,TRB,AST,STL,BLK,TOV,PF,PTS
1,2015-16,GSW,73,82,73,9,.890,242.4,42.5,87.3,29.4,55.7,13.1,31.6,16.7,21.8,10.0,36.2,46.2,28.9,8.4,6.1,15.2,20.7,114.9,38.9,89.4,31.1,65.9,7.8,23.5,18.6,24.5,11.4,32.5,43.9,22.2,8.7,4.1,14.5,19.8,104.1
2,2016-17,GSW,67,82,67,15,.817,241.2,43.1,87.1,31.1,55.8,12.0,31.2,17.8,22.6,9.4,35.0,44.4,30.4,9.6,6.8,14.8,19.3,115.9,38.8,89.2,29.8,61.4,9.0,27.8,17.7,23.2,11.7,31.8,43.5,22.7,8.6,3.8,15.5,19.4,104.3
3,2015-16,SAS,67,82,67,15,.817,240.3,40.1,82.9,33.2,64.4,7.0,18.5,16.4,20.4,9.4,34.5,43.9,24.5,8.3,5.9,13.1,17.5,103.5,35.7,81.8,29.1,61.9,6.6,19.9,14.9,19.6,9.1,31.4,40.5,20.8,7.2,3.9,14.8,19.5,92.9
4,2014-15,GSW,67,82,67,15,.817,240.6,41.6,87.0,30.8,60.0,10.8,27.0,16.0,20.8,10.4,34.3,44.7,27.4,9.3,6.0,14.5,19.9,110.0,37.0,86.4,29.7,65.0,7.2,21.4,18.7,24.5,11.7,32.8,44.5,21.0,8.3,3.6,16.2,18.8,99.9
5,2012-13,MIA,66,82,66,16,.805,242.4,38.4,77.4,29.6,55.4,8.7,22.1,17.4,23.0,8.2,30.4,38.6,23.0,8.7,5.4,13.9,18.7,102.9,35.6,80.9,28.0,59.1,7.6,21.7,16.2,21.2,11.2,28.9,40.1,20.2,7.9,3.2,15.6,20.4,95.0
6,2017-18,HOU,65,82,65,17,.793,240.9,38.7,84.2,23.4,41.9,15.3,42.3,19.6,25.1,9.0,34.5,43.5,21.5,8.5,4.8,13.8,19.5,112.4,39.6,85.6,29.5,56.7,10.1,28.8,14.6,19.6,8.7,33.4,42.0,22.4,7.4,4.4,14.6,20.4,103.9
7,2021-22,PHO,64,82,64,18,.780,240.6,43.7,90.1,32.1,58.2,11.6,31.9,15.9,19.9,9.8,35.5,45.3,27.4,8.6,4.4,12.9,19.9,114.8,39.2,88.3,27.6,54.1,11.6,34.2,17.3,22.7,10.5,33.9,44.5,22.9,7.5,4.0,14.7,18.9,107.3
8,2013-14,SAS,62,82,62,20,.756,240.9,40.6,83.5,32.0,62.0,8.5,21.4,15.7,20.0,9.3,34.0,43.3,25.2,7.4,5.1,14.4,18.2,105.4,37.8,85.1,31.3,66.8,6.5,18.3,15.7,20.6,10.5,31.7,42.2,20.4,7.7,4.6,13.9,19.3,97.6
9,2010-11,CHI,62,82,62,20,.756,241.8,37.1,80.3,30.9,63.1,6.2,17.3,18.2,24.5,11.8,32.4,44.2,22.3,7.2,5.7,14.2,20.0,98.6,34.2,79.5,29.0,63.6,5.2,16.0,17.7,23.1,10.1,28.3,38.4,19.0,6.9,5.8,14.1,20.1,91.3
10,2016-17,SAS,61,82,61,21,.744,241.5,39.3,83.7,30.1,60.2,9.2,23.5,17.6,22.0,10.0,33.9,43.9,23.8,8.0,5.9,13.4,18.3,105.3,37.0,83.4,28.8,59.7,8.1,23.7,16.0,20.8,9.8,31.7,41.5,21.4,7.5,4.1,14.4,19.8,98.1
11,2010-11,SAS,61,82,61,21,.744,241.2,38.4,80.8,30.0,59.8,8.4,21.1,18.5,24.2,10.1,31.7,41.9,22.4,7.3,4.5,13.4,19.0,103.7,38.1,83.7,32.3,67.7,5.8,15.9,15.9,20.7,10.8,30.4,41.2,20.5,6.9,4.6,13.4,20.7,98.0
12,2018-19,MIL,60,82,60,22,.732,241.2,43.4,91.1,29.9,52.9,13.5,38.2,17.9,23.2,9.3,40.4,49.7,26.0,7.5,5.9,13.9,19.6,118.1,40.5,93.5,27.4,57.2,13.1,36.3,15.1,20.7,9.9,35.4,45.3,24.8,6.8,4.8,13.4,20.2,109.3
13,2014-15,ATL,60,82,60,22,.732,240.6,38.1,81.7,28.1,55.5,10.0,26.2,16.5,21.2,8.7,31.8,40.6,25.7,9.1,4.6,14.2,17.8,102.5,36.5,83.1,27.7,57.4,8.8,25.8,15.4,20.1,11.6,32.1,43.6,23.5,7.4,4.9,16.1,19.6,97.1
14,2012-13,OKC,60,82,60,22,.732,241.8,38.1,79.3,30.8,60.0,7.3,19.4,22.2,26.8,10.4,33.2,43.6,21.4,8.3,7.6,15.3,20.2,105.7,36.2,85.0,28.7,63.5,7.4,21.5,16.7,21.6,12.0,28.7,40.7,20.5,8.2,3.9,14.8,20.7,96.5
15,2017-18,TOR,59,82,59,23,.720,241.8,41.3,87.4,29.5,54.4,11.8,33.0,17.3,21.8,9.8,34.2,44.0,24.3,7.6,6.1,13.4,21.7,111.7,38.4,85.6,29.5,60.6,8.9,25.0,18.2,23.7,9.8,32.6,42.4,21.8,7.2,4.9,14.3,19.9,103.9
16,2013-14,OKC,59,82,59,23,.720,241.5,39.0,82.7,30.9,60.3,8.1,22.4,20.2,25.0,10.8,33.9,44.7,21.9,8.3,6.1,15.3,22.7,106.2,36.4,83.4,27.8,59.4,8.6,24.0,18.4,25.4,11.0,30.0,40.9,21.8,8.2,3.6,15.2,20.4,99.8
17,2022-23,MIL,58,82,58,24,.707,241.8,42.7,90.4,27.9,50.1,14.8,40.3,16.6,22.4,11.1,37.5,48.6,25.8,6.4,4.9,14.6,18.1,116.9,42.5,93.2,30.4,59.1,12.1,34.1,16.3,21.0,10.7,33.5,44.2,23.9,7.0,3.9,11.8,19.0,113.3
18,2018-19,TOR,58,82,58,24,.707,242.4,42.2,89.1,29.8,55.3,12.4,33.8,17.7,22.0,9.6,35.6,45.2,25.4,8.3,5.3,14.0,21.0,114.4,40.3,89.7,29.5,58.5,10.8,31.2,17.1,22.3,10.6,34.2,44.8,24.5,7.6,4.5,14.9,20.5,108.4
19,2017-18,GSW,58,82,58,24,.707,240.6,42.8,85.1,31.5,56.2,11.3,28.9,16.6,20.3,8.4,35.1,43.5,29.3,8.0,7.5,15.5,19.6,113.5,40.2,90.0,29.8,60.8,10.4,29.2,16.7,22.0,10.9,31.6,42.5,23.6,8.7,3.7,14.3,18.5,107.5
20,2012-13,SAS,58,82,58,24,.707,242.4,39.1,81.4,31.1,59.9,8.1,21.5,16.6,21.0,8.1,33.2,41.3,25.1,8.5,5.4,14.7,17.4,103.0,37.5,84.9,31.2,66.9,6.3,17.9,15.2,20.0,11.1,31.4,42.5,21.4,8.2,4.9,14.9,19.1,96.6
21,2010-11,MIA,58,82,58,24,.707,241.2,37.0,76.8,30.3,58.8,6.7,18.0,21.5,27.9,9.6,32.5,42.1,20.0,6.6,5.2,13.9,20.4,102.1,35.0,80.7,28.3,61.3,6.7,19.3,18.0,24.1,10.5,28.6,39.2,20.1,7.0,3.0,13.2,21.8,94.6
22,2022-23,BOS,57,82,57,25,.695,243.7,42.2,88.8,26.2,46.2,16.0,42.6,17.5,21.6,9.7,35.6,45.3,26.7,6.4,5.2,13.4,18.8,117.9,41.8,90.2,30.1,56.5,11.6,33.7,16.2,21.1,9.7,34.3,44.0,23.1,6.6,3.9,12.7,19.1,111.4
23,2018-19,GSW,57,82,57,25,.695,241.5,44.0,89.8,30.8,55.3,13.3,34.4,16.3,20.4,9.7,36.5,46.2,29.4,7.6,6.4,14.3,21.4,117.7,40.4,91.1,28.8,57.5,11.6,33.6,18.7,24.2,10.8,33.5,44.3,24.3,7.7,3.6,13.5,19.5,111.2
24,2015-16,CLE,57,82,57,25,.695,242.1,38.7,84.0,27.9,54.4,10.7,29.6,16.3,21.7,10.6,33.9,44.5,22.7,6.7,3.9,13.6,20.3,104.3,36.8,82.1,28.9,59.4,7.9,22.7,16.8,22.6,9.3,31.8,41.0,21.4,7.2,4.4,13.3,20.6,98.3
25,2013-14,LAC,57,82,57,25,.695,240.9,39.1,82.5,30.7,58.5,8.5,24.0,21.2,29.1,10.5,32.5,43.0,24.6,8.6,4.8,13.9,21.5,107.9,37.4,84.9,30.2,63.0,7.3,21.8,18.9,25.0,12.3,31.4,43.7,23.3,7.0,3.5,15.4,23.4,101.0
26,2012-13,DEN,57,82,57,25,.695,242.7,40.7,85.2,34.4,66.6,6.4,18.5,18.4,26.2,13.3,31.7,45.0,24.4,9.3,6.5,15.3,20.5,106.1,38.1,85.7,29.7,62.6,8.4,23.1,16.6,22.7,12.4,29.2,41.6,23.6,8.0,6.8,15.9,21.6,101.1
27,2010-11,DAL,57,82,57,25,.695,240.3,37.4,78.8,29.6,57.3,7.9,21.6,17.5,22.6,9.5,31.9,41.4,23.8,6.8,4.3,14.0,19.2,100.2,36.5,81.2,30.3,63.1,6.2,18.0,16.7,22.3,10.7,30.0,40.7,20.6,7.6,3.7,13.6,20.1,96.0
28,2010-11,LAL,57,82,57,25,.695,241.8,38.1,82.4,31.8,64.3,6.4,18.1,18.8,24.1,12.1,31.9,44.0,22.0,7.3,5.1,13.1,19.0,101.5,36.7,84.0,29.9,63.7,6.8,20.3,15.2,19.9,12.2,29.3,41.5,22.3,7.1,4.5,13.6,20.7,95.4
29,2021-22,MEM,56,82,56,26,.683,241.2,43.5,94.4,32.0,61.7,11.5,32.7,17.0,23.1,14.1,35.0,49.2,26.0,9.8,6.5,13.2,19.8,115.6,40.3,88.6,28.3,54.2,12.0,34.5,17.3,22.4,10.0,33.0,43.0,25.0,7.2,6.0,15.1,19.8,109.9
30,2019-20,MIL,56,73,56,17,.767,241.0,43.3,90.9,29.5,52.0,13.8,38.9,18.3,24.7,9.5,42.2,51.7,25.9,7.2,5.9,15.1,19.6,118.7,38.9,94.0,25.0,54.7,14.0,39.3,16.7,21.2,9.5,36.3,45.8,24.2,7.4,4.5,14.1,21.7,108.6
31,2015-16,TOR,56,82,56,26,.683,241.2,36.7,81.3,28.0,58.0,8.6,23.4,20.8,26.7,10.2,33.2,43.4,18.7,7.8,5.5,13.1,19.6,102.7,36.5,82.1,27.7,58.7,8.7,23.4,16.5,22.1,9.5,31.2,40.8,21.7,6.5,5.4,13.3,22.0,98.2
32,2014-15,HOU,56,82,56,26,.683,241.5,37.0,83.3,25.6,50.6,11.4,32.7,18.6,26.0,11.7,32.0,43.7,22.2,9.5,5.0,16.7,22.0,103.9,37.7,85.2,30.3,62.2,7.4,22.9,17.7,23.6,11.9,32.0,43.8,21.4,8.9,5.3,16.4,21.1,100.5
33,2014-15,LAC,56,82,56,26,.683,240.6,39.4,83.3,29.3,56.4,10.1,26.9,17.9,25.2,9.6,33.1,42.6,24.8,7.8,5.0,12.3,21.3,106.7,36.4,82.3,28.1,58.4,8.3,23.9,19.0,25.7,10.6,32.3,42.9,23.2,6.7,3.0,14.3,21.5,100.1
34,2013-14,IND,56,82,56,26,.683,241.2,36.0,80.2,29.3,61.4,6.7,18.8,18.1,23.3,10.2,34.5,44.7,20.1,6.7,5.4,15.1,20.4,96.7,34.8,82.7,28.2,63.7,6.6,19.0,16.3,21.6,10.4,30.7,41.2,18.6,7.2,4.6,13.7,21.9,92.3
35,2012-13,LAC,56,82,56,26,.683,240.6,38.5,80.6,30.9,59.2,7.6,21.4,16.4,23.0,11.4,30.2,41.6,23.9,9.6,5.6,14.6,20.9,101.1,34.6,78.0,26.9,57.5,7.6,20.5,17.9,23.9,10.9,28.2,39.1,22.1,7.4,4.1,16.1,20.9,94.6
36,2012-13,MEM,56,82,56,26,.683,241.5,36.1,81.5,31.5,68.0,4.7,13.5,16.5,21.3,12.9,29.8,42.7,20.9,8.6,5.3,14.0,20.2,93.4,33.5,77.0,27.4,58.8,6.1,18.2,16.1,21.5,10.3,28.8,39.1,19.5,7.3,5.5,15.5,20.0,89.3
37,2010-11,BOS,56,82,56,26,.683,241.2,36.9,75.8,31.9,62.2,5.0,13.6,17.8,23.1,7.8,31.0,38.8,23.4,8.2,4.2,14.6,20.5,96.5,33.8,77.7,28.4,61.8,5.4,15.9,18.2,24.1,10.5,29.1,39.6,18.7,7.0,4.4,15.4,20.2,91.1
38,2017-18,BOS,55,82,55,27,.671,241.5,38.3,85.1,26.9,54.7,11.5,30.4,16.0,20.7,9.4,35.1,44.5,22.5,7.4,4.5,14.0,19.7,104.0,37.4,85.0,28.0,57.4,9.4,27.7,16.3,21.3,9.6,34.2,43.8,21.3,7.2,4.4,14.1,19.2,100.4
39,2016-17,HOU,55,82,55,27,.671,241.2,40.3,87.2,25.9,46.9,14.4,40.3,20.3,26.5,10.9,33.5,44.4,25.2,8.2,4.3,15.1,19.9,115.3,41.2,88.9,31.2,59.7,10.0,29.1,17.3,22.2,10.7,33.4,44.1,24.1,8.5,5.0,15.1,20.4,109.6
40,2015-16,OKC,55,82,55,27,.671,241.8,41.1,86.4,32.9,62.6,8.3,23.7,19.7,25.2,13.1,35.6,48.6,23.0,7.4,5.9,15.9,20.6,110.2,38.4,87.7,30.3,63.9,8.1,23.8,18.0,23.8,11.3,28.9,40.2,21.5,8.8,4.5,13.0,20.2,102.9
41,2014-15,MEM,55,82,55,27,.671,242.7,37.8,82.5,32.6,67.3,5.2,15.2,17.6,22.8,10.4,32.1,42.6,21.7,8.5,4.2,13.3,19.1,98.3,36.0,81.5,27.9,58.5,8.1,23.0,14.9,20.1,10.5,31.9,42.4,20.1,7.4,5.2,15.3,20.3,95.1
42,2014-15,SAS,55,82,55,27,.671,243.4,39.1,83.6,30.9,61.1,8.3,22.5,16.7,21.4,9.8,33.8,43.6,24.4,8.0,5.4,14.0,19.1,103.2,37.1,83.7,30.3,64.8,6.8,18.9,15.9,21.4,9.9,32.2,42.1,20.7,7.9,4.4,14.2,19.7,97.0
43,2010-11,OKC,55,82,55,27,.671,244.0,37.4,80.6,31.5,63.5,5.9,17.1,24.1,29.3,11.0,31.8,42.8,20.4,8.0,5.9,14.1,22.4,104.8,38.1,83.2,32.2,66.9,5.9,16.3,19.0,25.5,11.4,29.2,40.6,20.9,7.2,4.3,14.0,21.5,101.0
44,2022-23,PHI,54,82,54,28,.659,242.4,40.8,83.8,28.2,51.2,12.6,32.6,21.0,25.1,8.7,32.2,40.9,25.2,7.7,4.7,13.7,20.4,115.2,40.4,85.4,28.8,52.1,11.6,33.4,18.5,23.7,9.5,31.6,41.2,24.2,6.6,4.6,14.3,19.6,110.9
45,2018-19,DEN,54,82,54,28,.659,240.6,41.9,90.0,30.9,58.7,11.0,31.4,15.8,20.9,11.9,34.5,46.4,27.4,7.7,4.4,13.4,20.0,110.7,39.6,86.4,28.8,54.5,10.8,31.9,16.7,22.2,9.7,32.7,42.5,24.6,7.4,5.0,13.5,20.4,106.7
46,2013-14,HOU,54,82,54,28,.659,241.8,38.0,80.5,28.5,54.0,9.5,26.6,22.1,31.1,11.2,34.1,45.3,21.4,7.6,5.6,16.1,20.4,107.7,39.0,88.0,30.9,65.0,8.1,23.0,17.0,22.5,11.9,29.7,41.7,22.2,8.6,5.6,14.0,24.3,103.1
47,2013-14,MIA,54,82,54,28,.659,242.4,38.3,76.5,30.2,54.2,8.1,22.3,17.5,23.0,7.6,29.2,36.9,22.5,8.9,4.5,14.8,19.5,102.2,36.1,79.0,27.6,55.6,8.5,23.4,16.8,22.3,10.8,29.5,40.3,21.4,8.1,3.1,16.7,20.4,97.4
48,2013-14,POR,54,82,54,28,.659,242.1,39.1,87.0,29.7,61.7,9.4,25.3,19.1,23.5,12.5,34.0,46.4,23.2,5.5,4.7,13.7,19.2,106.7,39.6,87.8,33.1,69.5,6.5,18.3,17.0,22.2,11.5,32.0,43.5,20.4,7.8,3.7,12.0,20.7,102.8
49,2012-13,NYK,54,82,54,28,.659,240.6,36.5,81.6,25.7,52.7,10.9,28.9,16.0,21.1,10.9,29.7,40.6,19.3,8.2,3.6,12.0,20.1,100.0,35.6,77.6,27.8,55.8,7.8,21.8,16.8,22.2,10.0,31.6,41.6,19.3,6.4,4.0,15.1,19.2,95.7
50,2022-23,DEN,53,82,53,29,.646,240.9,43.6,86.4,31.8,55.2,11.8,31.2,16.8,22.4,10.1,32.9,43.0,28.9,7.5,4.5,14.5,18.6,115.8,41.7,87.4,30.4,54.3,11.4,33.1,17.6,22.7,10.1,30.7,40.8,25.7,7.9,4.2,13.5,19.5,112.5
51,2021-22,GSW,53,82,53,29,.646,240.6,40.5,86.4,26.2,47.0,14.3,39.4,15.6,20.3,9.8,35.7,45.5,27.1,8.8,4.5,14.9,21.0,111.0,37.9,86.6,25.7,50.6,12.2,36.0,17.4,22.9,9.7,33.0,42.6,22.9,7.9,3.9,14.5,18.0,105.5
52,2021-22,MIA,53,82,53,29,.646,242.1,39.6,84.8,26.0,49.0,13.6,35.8,17.3,21.4,9.8,33.9,43.7,25.5,7.4,3.2,14.6,20.5,110.0,37.5,84.0,24.6,45.7,13.0,38.3,17.5,22.5,9.5,32.1,41.7,23.3,7.4,4.0,15.0,20.6,105.6
53,2019-20,TOR,53,72,53,19,.736,241.4,40.2,87.9,26.4,50.9,13.8,37.0,18.5,23.2,9.5,35.9,45.4,25.2,8.8,5.0,14.8,21.7,112.8,37.8,88.3,24.7,49.5,13.1,38.9,17.8,23.2,10.9,35.1,46.1,25.6,7.2,5.5,16.8,20.4,106.5
54,2018-19,POR,53,82,53,29,.646,242.1,42.3,90.6,31.3,59.8,11.0,30.7,19.0,23.3,11.8,36.2,48.0,23.0,6.7,5.0,13.8,20.4,114.7,41.1,90.0,30.4,60.3,10.7,29.8,17.5,22.8,10.3,32.6,42.8,23.2,7.4,5.1,12.4,20.7,110.5
55,2018-19,HOU,53,82,53,29,.646,241.8,39.2,87.4,23.1,42.0,16.1,45.4,19.3,24.4,10.2,31.9,42.1,21.2,8.5,4.9,13.3,22.0,113.9,40.4,86.7,30.3,56.9,10.1,29.8,18.2,23.7,11.0,34.5,45.4,23.5,7.4,4.5,15.0,20.0,109.1
56,2016-17,BOS,53,82,53,29,.646,240.9,38.6,85.1,26.6,51.7,12.0,33.4,18.7,23.2,9.1,32.9,42.0,25.2,7.5,4.1,13.3,20.6,108.0,38.6,85.8,29.7,58.8,9.0,27.0,19.1,24.9,10.8,33.8,44.5,22.6,7.6,5.2,13.9,20.3,105.4
57,2015-16,LAC,53,82,53,29,.646,241.8,38.3,82.4,28.6,55.7,9.7,26.7,18.2,26.2,8.8,33.3,42.0,22.8,8.6,5.6,13.0,21.3,104.5,36.8,84.7,28.9,61.4,7.9,23.3,18.8,25.1,11.8,34.9,46.7,21.2,7.1,3.2,15.4,22.5,100.2
58,2014-15,CLE,53,82,53,29,.646,241.2,37.7,82.2,27.6,54.7,10.1,27.5,17.7,23.6,11.1,31.9,43.0,22.1,7.4,4.1,14.3,18.4,103.1,38.1,83.5,30.3,61.0,7.7,22.5,14.8,19.9,10.8,30.3,41.1,24.1,7.8,4.5,13.3,20.5,98.7
59,2021-22,DAL,52,82,52,30,.634,240.9,39.3,85.1,26.2,47.8,13.1,37.4,16.4,21.2,9.3,33.8,43.0,23.4,6.7,4.0,12.5,19.7,108.0,39.0,85.4,28.1,53.2,10.9,32.1,15.8,20.6,9.5,34.1,43.6,23.5,7.0,3.7,13.1,20.1,104.7
60,2020-21,UTA,52,72,52,20,.722,241.0,41.3,88.1,24.5,45.1,16.7,43.0,17.2,21.5,10.6,37.6,48.3,23.7,6.6,5.2,14.2,18.5,116.4,40.9,91.4,30.0,59.6,10.9,31.8,14.5,18.9,9.8,32.8,42.6,22.3,7.7,3.9,11.5,19.0,107.2
61,2019-20,LAL,52,71,52,19,.732,240.7,42.3,88.3,31.3,56.7,11.0,31.6,17.7,24.3,10.7,35.1,45.7,25.4,8.6,6.6,15.2,20.7,113.4,39.1,87.1,27.4,53.7,11.6,33.4,17.9,22.9,9.4,32.9,42.3,23.4,8.2,3.7,15.9,21.7,107.6
62,2017-18,PHI,52,82,52,30,.634,241.2,40.8,86.6,29.9,56.7,11.0,29.8,17.1,22.8,10.9,36.5,47.4,27.1,8.3,5.1,16.5,22.1,109.8,38.0,87.6,27.9,58.0,10.1,29.6,19.1,25.6,10.0,32.2,42.2,21.7,8.5,5.1,14.3,20.4,105.3
63,2010-11,ORL,52,82,52,30,.634,241.8,36.0,78.2,26.7,52.5,9.4,25.6,17.7,25.6,10.5,32.7,43.2,20.0,6.7,4.7,14.9,20.0,99.2,34.9,80.1,28.6,62.1,6.3,18.0,17.6,23.7,9.8,29.9,39.7,20.1,7.4,3.8,13.9,21.8,93.7
64,2022-23,CLE,51,82,51,31,.622,242.4,41.6,85.2,30.0,53.6,11.6,31.6,17.5,22.5,9.7,31.4,41.1,24.9,7.1,4.7,13.3,19.0,112.3,39.0,83.5,27.8,52.9,11.3,30.6,17.5,22.4,9.8,31.5,41.2,23.0,7.0,4.4,15.7,20.4,106.9
65,2022-23,MEM,51,82,51,31,.622,241.2,43.7,92.1,31.7,57.9,12.0,34.2,17.5,23.8,12.0,34.6,46.6,26.0,8.3,5.8,13.6,20.0,116.9,40.7,89.8,27.7,53.3,13.0,36.6,18.5,23.5,11.0,33.4,44.4,26.4,6.8,5.2,15.1,20.0,113.0
66,2021-22,BOS,51,82,51,31,.622,242.7,40.7,87.4,27.5,50.3,13.2,37.1,17.0,20.9,10.5,35.5,46.1,24.8,7.2,5.8,13.6,18.5,111.8,38.3,88.1,26.4,53.2,11.8,34.9,16.1,20.6,10.5,33.3,43.7,21.6,7.5,4.6,13.8,19.4,104.5
67,2021-22,PHI,51,82,51,31,.622,241.5,39.4,84.5,27.8,52.7,11.6,31.8,19.6,23.8,8.5,33.8,42.3,23.7,7.7,5.3,12.5,19.4,109.9,39.7,86.5,28.3,53.7,11.4,32.8,16.6,21.6,10.2,34.0,44.2,23.6,6.6,4.6,13.3,19.4,107.3
68,2021-22,MIL,51,82,51,31,.622,240.9,41.8,89.4,27.8,51.0,14.1,38.4,17.8,22.9,10.2,36.5,46.7,23.9,7.6,4.0,13.4,18.2,115.5,41.4,90.6,26.9,50.0,14.5,40.6,15.0,19.9,9.9,34.2,44.1,25.9,7.4,4.4,13.0,19.7,112.1
69,2020-21,PHO,51,72,51,21,.708,242.8,43.3,88.3,30.3,53.7,13.1,34.6,15.6,18.7,8.8,34.2,42.9,26.9,7.2,4.3,12.5,19.1,115.3,40.5,86.8,28.9,54.0,11.6,32.8,16.8,21.7,9.4,33.3,42.7,22.9,6.9,3.6,13.6,18.0,109.5
70,2018-19,PHI,51,82,51,31,.622,241.5,41.5,88.2,30.7,58.0,10.8,30.2,21.2,27.5,10.9,36.9,47.8,26.9,7.4,5.3,14.9,21.3,115.2,41.7,91.5,31.4,61.5,10.3,30.0,18.8,24.5,10.0,33.5,43.5,23.4,7.7,4.1,12.7,22.1,112.5
71,2016-17,UTA,51,82,51,31,.622,240.9,37.0,79.5,27.3,53.5,9.6,26.0,17.1,22.9,9.4,33.8,43.2,20.1,6.7,5.0,13.6,18.8,100.7,36.3,82.0,28.1,59.1,8.2,22.9,16.0,20.7,9.0,31.1,40.2,17.8,7.3,3.8,12.1,20.2,96.8
72,2016-17,TOR,51,82,51,31,.622,241.2,39.2,84.4,30.3,60.0,8.8,24.3,19.7,24.7,10.6,32.6,43.3,18.5,8.3,4.9,12.7,20.8,106.9,37.2,82.9,27.5,55.6,9.7,27.3,18.5,23.8,10.1,31.9,42.1,21.8,6.7,4.8,14.6,20.3,102.6
73,2016-17,CLE,51,82,51,31,.622,242.4,39.9,84.9,26.9,51.0,13.0,33.9,17.5,23.3,9.3,34.4,43.7,22.7,6.6,4.0,13.7,18.1,110.3,40.6,88.8,30.3,60.1,10.4,28.7,15.5,20.0,11.0,33.2,44.2,24.7,7.3,4.3,12.6,20.6,107.2
74,2016-17,LAC,51,82,51,31,.622,240.9,39.5,83.2,29.3,55.8,10.3,27.4,19.3,26.0,9.0,34.0,43.0,22.5,7.5,4.2,13.0,19.8,108.7,38.6,85.4,29.4,59.1,9.2,26.3,18.0,23.4,10.2,32.9,43.1,23.1,7.0,3.1,13.2,22.4,104.4
75,2014-15,POR,51,82,51,31,.622,242.1,38.7,86.0,28.9,58.8,9.8,27.2,15.5,19.4,10.7,35.1,45.9,21.9,6.4,4.5,13.6,18.2,102.8,38.2,86.9,31.8,67.9,6.4,18.9,15.8,20.9,11.0,33.6,44.6,20.4,8.0,3.6,12.2,18.7,98.6
76,2013-14,GSW,51,82,51,31,.622,241.8,39.5,85.4,30.0,60.6,9.4,24.8,15.9,21.1,10.9,34.4,45.3,23.3,7.8,5.0,15.2,21.8,104.3,36.8,84.4,29.9,64.2,6.9,20.2,18.9,24.7,10.7,32.6,43.3,20.5,7.9,4.2,15.0,19.3,99.5
77,2018-19,UTA,50,82,50,32,.610,240.9,40.4,86.4,28.3,52.4,12.1,34.0,18.8,25.5,10.0,36.4,46.4,26.0,8.1,5.9,15.1,21.1,111.7,40.0,88.5,30.1,60.7,9.8,27.7,16.7,22.2,8.9,33.7,42.6,21.6,8.5,4.6,13.9,22.4,106.5
78,2017-18,CLE,50,82,50,32,.610,240.6,40.4,84.8,28.4,52.6,12.0,32.1,18.1,23.3,8.5,33.7,42.1,23.4,7.1,3.8,13.7,18.6,110.9,41.8,88.3,30.2,56.6,11.7,31.7,14.6,19.4,9.9,33.7,43.6,25.9,7.5,4.1,13.5,20.7,109.9
79,2014-15,CHI,50,82,50,32,.610,242.4,36.6,82.9,28.7,60.6,7.9,22.3,19.7,25.2,11.7,34.0,45.7,21.7,6.3,5.8,14.0,18.2,100.8,37.7,86.7,31.2,67.1,6.6,19.6,15.7,21.0,11.7,31.7,43.4,20.2,7.5,5.4,12.2,21.2,97.8
80,2014-15,DAL,50,82,50,32,.610,242.4,39.7,85.8,30.8,60.4,8.9,25.4,16.9,22.5,10.5,31.8,42.3,22.5,8.1,4.5,13.0,20.0,105.2,38.0,84.5,29.0,59.7,9.0,24.8,17.3,22.9,12.3,33.9,46.1,22.3,7.3,3.8,16.3,22.1,102.3
81,2013-14,MEM,50,82,50,32,.610,241.5,38.1,82.0,33.1,68.0,4.9,14.0,15.1,20.3,11.6,30.8,42.4,21.9,7.7,4.6,13.7,19.1,96.1,35.7,79.3,28.2,58.2,7.5,21.1,15.8,20.6,9.9,29.3,39.2,19.9,7.2,5.0,14.2,18.9,94.6
82,2011-12,CHI,50,66,50,16,.758,241.5,37.4,82.8,31.0,65.8,6.3,16.9,15.2,21.1,13.9,32.8,46.7,23.1,6.9,5.9,14.0,17.3,96.3,34.6,82.1,30.0,67.9,4.6,14.2,14.3,19.4,11.4,28.6,40.0,18.9,7.4,5.2,13.3,17.7,88.2
83,2011-12,SAS,50,66,50,16,.758,241.5,39.6,82.8,31.2,61.5,8.4,21.3,16.2,21.6,10.3,32.6,43.0,23.2,7.4,4.4,13.6,17.3,103.7,38.1,84.2,31.8,66.6,6.2,17.7,14.1,18.7,10.3,30.9,41.2,19.6,7.4,5.0,13.7,18.8,96.5
84,2010-11,DEN,50,82,50,32,.610,240.3,38.4,80.6,30.3,59.9,8.1,20.8,22.7,29.6,9.6,32.3,42.0,22.1,7.4,4.3,14.1,21.0,107.5,38.5,83.9,31.4,63.4,7.0,20.4,18.8,24.8,10.5,30.8,41.3,22.2,7.5,6.0,13.7,22.7,102.7
85,2021-22,UTA,49,82,49,33,.598,240.6,40.6,86.2,26.0,45.8,14.5,40.3,17.9,23.4,10.8,35.6,46.3,22.4,7.2,4.9,14.0,18.9,113.6,40.4,89.2,28.3,54.6,12.1,34.6,14.6,19.3,9.9,31.7,41.6,23.4,7.8,4.3,12.0,20.3,107.6
86,2020-21,PHI,49,72,49,23,.681,242.1,41.4,86.9,30.1,56.8,11.3,30.1,19.6,25.5,10.0,35.0,45.1,23.7,9.1,6.2,14.4,20.2,113.6,39.4,86.9,27.5,53.9,11.9,33.0,17.4,22.8,9.8,33.2,42.9,23.5,7.2,4.7,15.6,21.0,108.1
87,2019-20,LAC,49,72,49,23,.681,241.4,41.6,89.2,29.1,55.8,12.4,33.5,20.8,26.3,10.7,37.0,47.7,23.7,7.1,4.7,14.6,22.1,116.3,39.5,90.2,27.2,54.6,12.3,35.6,18.5,24.5,10.7,34.6,45.3,23.7,7.5,4.7,14.1,22.9,109.9
88,2018-19,OKC,49,82,49,33,.598,242.1,42.6,94.0,31.3,61.3,11.4,32.6,17.8,25.0,12.6,35.5,48.1,23.4,9.3,5.2,14.0,22.4,114.5,40.8,88.7,29.5,57.1,11.2,31.6,18.3,24.0,9.9,35.8,45.7,24.9,8.2,5.1,16.7,22.5,111.1
89,2018-19,BOS,49,82,49,33,.598,241.2,42.1,90.5,29.5,56.0,12.6,34.5,15.6,19.5,9.8,34.7,44.5,26.3,8.6,5.3,12.8,20.4,112.4,39.5,88.1,28.0,54.6,11.5,33.5,17.4,22.8,10.4,35.5,45.9,23.7,6.8,3.9,15.1,19.5,108.0
90,2017-18,POR,49,82,49,33,.598,240.9,39.3,87.0,29.0,58.8,10.3,28.1,16.7,20.9,10.2,35.3,45.5,19.5,7.0,5.2,13.5,19.5,105.6,38.4,85.9,28.7,59.3,9.7,26.6,16.6,22.0,9.3,33.6,42.9,20.2,7.3,5.1,12.6,19.1,103.0
91,2016-17,WAS,49,82,49,33,.598,242.1,41.3,87.0,32.1,62.3,9.2,24.8,17.3,22.1,10.3,32.6,42.9,23.9,8.5,4.1,14.2,21.3,109.2,39.7,85.1,29.8,58.0,9.9,27.1,18.2,24.2,10.6,32.5,43.0,22.8,7.4,4.6,15.3,19.8,107.4
92,2014-15,TOR,49,82,49,33,.598,242.1,37.9,83.3,29.0,58.2,8.9,25.1,19.3,24.6,10.7,30.8,41.5,20.7,7.5,4.4,12.9,20.9,104.0,38.0,82.8,30.3,60.5,7.7,22.3,17.2,23.5,11.2,31.2,42.5,22.8,6.9,5.0,14.4,20.3,100.9
93,2013-14,DAL,49,82,49,33,.598,241.8,39.6,83.6,30.8,60.7,8.8,22.9,16.8,21.1,10.2,30.7,40.9,23.6,8.6,4.3,13.5,20.0,104.8,37.8,81.4,29.5,58.4,8.3,23.0,18.7,24.6,11.5,31.3,42.8,22.0,7.7,3.5,16.0,19.9,102.4
94,2012-13,IND,49,81,49,32,.605,241.9,35.1,80.6,28.3,60.8,6.9,19.7,17.6,23.6,12.9,33.0,45.9,20.3,7.2,6.3,15.1,20.0,94.7,34.5,82.2,29.1,65.6,5.4,16.6,16.2,21.3,11.2,29.6,40.9,19.2,7.5,5.7,13.5,21.9,90.7
95,2012-13,BRK,49,82,49,33,.598,242.1,35.9,79.8,28.2,58.3,7.7,21.5,17.5,23.9,12.8,30.0,42.8,20.3,7.3,4.8,14.7,18.3,96.9,37.4,80.7,31.1,63.4,6.3,17.3,14.0,19.2,10.7,28.5,39.2,21.4,7.5,4.8,13.4,21.4,95.1
96,2022-23,SAC,48,82,48,34,.585,241.8,43.6,88.2,29.8,50.9,13.8,37.3,19.8,25.1,9.5,32.9,42.5,27.3,7.0,3.4,13.5,19.7,120.7,43.8,88.9,31.3,55.5,12.5,33.4,18.1,23.0,9.7,32.5,42.2,26.7,7.3,4.2,14.2,20.9,118.1
97,2021-22,DEN,48,82,48,34,.585,241.5,41.7,86.3,29.0,50.4,12.7,35.9,16.7,21.0,9.2,34.9,44.1,27.8,7.2,3.7,14.5,20.0,112.7,41.1,87.4,29.2,53.2,11.8,34.2,16.5,21.7,9.7,32.7,42.4,25.4,7.9,4.8,12.8,19.9,110.4
98,2021-22,TOR,48,82,48,34,.585,242.1,40.6,91.3,28.7,57.1,11.9,34.2,16.2,21.3,13.4,32.0,45.3,22.1,9.0,4.6,12.5,19.6,109.4,39.0,84.4,26.6,49.5,12.4,34.9,16.8,21.2,10.3,33.7,44.0,25.3,6.7,5.1,15.8,19.1,107.1
99,2020-21,BRK,48,72,48,24,.667,241.7,43.1,87.3,29.0,51.2,14.2,36.1,18.1,22.5,8.9,35.5,44.4,26.8,6.7,5.3,13.5,19.0,118.6,41.9,91.3,28.7,55.1,13.2,36.2,17.1,22.0,10.5,32.6,43.1,24.0,7.6,4.6,12.6,18.9,114.1
100,2019-20,BOS,48,72,48,24,.667,242.1,41.3,89.6,28.7,55.0,12.6,34.5,18.6,23.2,10.7,35.4,46.1,23.0,8.3,5.6,13.8,21.6,113.7,38.4,87.1,26.6,52.3,11.8,34.8,18.8,24.5,10.3,34.0,44.3,22.4,7.1,5.5,15.2,20.7,107.3
101,2018-19,IND,48,82,48,34,.585,240.3,41.3,87.0,31.8,61.6,9.5,25.4,15.8,21.1,9.3,33.7,43.0,26.0,8.7,4.9,13.7,19.4,108.0,38.7,86.1,27.4,54.0,11.4,32.1,15.8,21.0,10.5,33.1,43.7,24.5,7.4,5.2,15.7,20.0,104.7
102,2018-19,LAC,48,82,48,34,.585,241.8,41.3,87.5,31.3,61.7,10.0,25.8,22.6,28.5,9.7,35.8,45.5,24.0,6.8,4.7,14.5,23.3,115.1,41.7,91.3,31.4,61.1,10.4,30.2,20.5,26.3,11.3,34.5,45.7,24.1,8.3,6.1,13.2,24.0,114.3
103,2018-19,SAS,48,82,48,34,.585,241.5,42.3,88.4,32.4,63.1,9.9,25.3,17.2,21.0,9.2,35.5,44.7,24.5,6.1,4.7,12.1,18.1,111.7,41.5,89.7,29.8,57.0,11.7,32.7,15.2,20.2,9.2,34.7,43.9,24.7,7.2,4.0,12.2,19.6,110.0
104,2017-18,NOP,48,82,48,34,.585,243.4,42.7,88.3,32.5,60.1,10.2,28.2,16.1,20.9,8.7,35.7,44.3,26.8,8.0,5.9,14.9,19.1,111.7,41.7,91.9,30.9,61.3,10.9,30.6,16.1,20.5,10.8,34.7,45.5,23.7,8.2,4.2,14.5,20.4,110.4
105,2017-18,IND,48,82,48,34,.585,240.9,40.8,86.4,31.8,61.9,9.0,24.5,14.9,19.2,9.6,32.7,42.3,22.2,8.8,4.1,13.3,18.8,105.6,39.4,84.8,28.8,54.4,10.6,30.4,14.8,19.5,10.2,32.8,43.0,23.2,7.0,5.2,15.5,18.5,104.2
106,2017-18,OKC,48,82,48,34,.585,241.8,39.9,88.1,29.1,57.7,10.7,30.4,17.3,24.2,12.5,32.6,45.1,21.3,9.1,5.0,14.0,20.2,107.9,38.5,84.0,27.3,53.4,11.2,30.6,16.2,21.1,9.5,32.6,42.2,23.3,7.7,4.6,16.0,21.3,104.4
107,2017-18,UTA,48,82,48,34,.585,240.9,38.3,82.9,27.5,53.3,10.8,29.6,16.8,21.5,9.0,34.2,43.3,22.4,8.6,5.1,14.7,19.6,104.1,37.3,83.0,27.8,57.0,9.5,26.0,15.8,20.5,8.7,33.0,41.6,20.0,8.3,4.6,14.9,20.5,99.8
108,2015-16,ATL,48,82,48,34,.585,241.8,38.6,84.4,28.7,56.1,9.9,28.4,15.6,20.0,8.3,33.8,42.1,25.6,9.1,5.9,15.0,19.1,102.8,37.1,86.1,28.9,61.6,8.3,24.5,16.7,22.1,11.5,35.0,46.5,22.0,8.6,5.0,16.1,18.3,99.2
109,2015-16,BOS,48,82,48,34,.585,241.2,39.2,89.2,30.5,63.1,8.7,26.1,18.5,23.5,11.6,33.3,44.9,24.2,9.2,4.2,13.7,21.9,105.7,37.5,85.0,29.7,61.7,7.8,23.3,19.7,26.0,11.4,34.6,46.0,20.9,7.6,5.5,16.4,21.0,102.5
110,2015-16,CHO,48,82,48,34,.585,242.1,37.0,84.4,26.4,55.0,10.6,29.4,18.7,23.7,9.0,35.0,43.9,21.7,7.3,5.3,12.6,18.1,103.4,37.8,85.0,28.9,59.6,8.9,25.4,16.3,21.2,8.9,35.8,44.7,23.2,6.7,5.5,13.5,20.4,100.7
111,2015-16,MIA,48,82,48,34,.585,241.8,38.4,81.7,32.3,63.6,6.1,18.0,17.1,23.0,9.8,34.3,44.1,20.8,6.7,6.5,14.1,18.3,100.0,37.2,84.3,29.9,63.1,7.4,21.2,16.5,21.5,9.8,31.5,41.3,20.2,7.5,4.1,12.9,19.6,98.4
112,2013-14,CHI,48,82,48,34,.585,243.0,34.7,80.2,28.5,62.4,6.2,17.8,18.1,23.3,11.4,32.7,44.1,22.7,7.2,5.2,14.9,19.1,93.7,35.0,81.2,28.4,62.5,6.6,18.7,15.3,20.3,10.7,30.6,41.3,19.6,7.6,6.0,14.4,20.9,91.8
113,2013-14,PHO,48,82,48,34,.585,240.9,38.7,83.5,29.4,58.4,9.3,25.1,18.5,24.4,11.3,31.7,43.0,19.1,8.4,4.6,15.3,21.9,105.2,38.0,83.4,31.2,63.5,6.8,19.9,19.8,25.8,11.3,31.5,42.8,20.3,7.5,4.0,15.3,21.3,102.6
114,2013-14,TOR,48,82,48,34,.585,243.4,36.5,81.9,27.8,58.5,8.7,23.4,19.6,25.1,11.4,31.1,42.5,21.2,7.0,4.2,14.1,23.0,101.3,36.1,80.2,29.1,60.9,6.9,19.2,19.0,25.3,10.4,30.5,41.0,21.0,7.3,4.3,14.9,22.1,98.0
115,2010-11,POR,48,82,48,34,.585,241.5,36.0,80.5,29.7,62.1,6.3,18.3,18.0,22.4,12.1,27.2,39.3,21.2,8.0,4.4,13.0,19.3,96.3,35.4,75.8,29.0,58.3,6.5,17.6,17.5,22.8,10.6,29.1,39.7,19.2,6.9,4.1,15.7,21.3,94.8
116,2022-23,NYK,47,82,47,35,.573,243.4,42.0,89.4,29.4,53.6,12.6,35.7,19.4,25.5,12.6,34.0,46.6,22.9,6.4,4.1,13.0,20.3,116.0,40.8,88.2,27.7,51.7,13.0,36.5,18.5,23.7,10.1,31.9,42.0,25.1,6.0,4.5,12.7,20.7,113.1
117,2020-21,LAC,47,72,47,25,.653,240.0,41.8,86.7,27.5,52.0,14.3,34.7,16.2,19.3,9.4,34.7,44.2,24.4,7.1,4.1,13.2,19.2,114.0,40.1,86.4,28.5,53.9,11.6,32.5,16.1,20.7,9.2,32.0,41.2,22.9,7.1,4.2,12.8,18.1,107.8
118,2020-21,DEN,47,72,47,25,.653,242.8,43.3,89.2,30.4,55.0,12.9,34.2,15.7,19.5,10.5,33.9,44.4,26.8,8.1,4.5,13.5,19.1,115.1,40.0,85.4,27.1,49.7,13.0,35.7,17.1,22.1,9.1,32.1,41.2,25.9,7.5,4.5,14.1,19.2,110.1
119,2017-18,SAS,47,82,47,35,.573,240.6,39.0,85.4,30.6,61.2,8.5,24.1,16.1,20.9,10.4,33.9,44.2,22.8,7.7,5.6,13.1,17.2,102.7,38.2,84.3,29.0,58.0,9.1,26.3,14.3,18.9,9.2,33.3,42.5,21.8,7.6,3.9,14.1,19.7,99.8
120,2017-18,MIN,47,82,47,35,.573,241.5,41.0,86.1,33.0,63.6,8.0,22.5,19.4,24.1,10.3,31.6,42.0,22.7,8.4,4.2,12.5,18.2,109.5,40.2,84.7,29.4,55.0,10.9,29.6,16.0,20.5,9.8,32.0,41.8,23.9,6.5,4.7,15.1,20.9,107.3
121,2016-17,OKC,47,82,47,35,.573,241.5,39.5,87.4,31.0,61.6,8.4,25.8,19.2,25.8,12.2,34.4,46.6,21.0,7.9,5.0,15.0,20.9,106.6,39.2,85.3,30.4,60.5,8.8,24.8,18.6,24.3,9.1,31.5,40.6,21.4,8.5,5.5,13.8,20.7,105.8
122,2012-13,GSW,47,82,47,35,.573,241.5,38.2,83.4,30.1,63.5,8.0,19.9,16.8,21.3,10.8,34.2,45.0,22.5,6.9,4.2,15.1,21.4,101.2,37.2,84.8,29.2,61.7,8.0,23.1,17.9,23.9,11.1,31.7,42.7,23.5,8.2,4.9,13.5,19.2,100.3
123,2011-12,OKC,47,66,47,19,.712,242.3,37.3,79.2,30.2,59.3,7.2,20.0,21.3,26.4,11.0,32.7,43.7,18.5,7.5,8.2,16.3,20.5,103.1,36.4,85.3,30.1,66.6,6.4,18.7,17.7,23.0,12.7,28.6,41.3,19.9,8.2,4.9,14.2,20.0,96.9
124,2021-22,MIN,46,82,46,36,.561,241.2,41.6,91.0,26.8,49.7,14.8,41.3,18.0,23.1,11.2,32.9,44.2,25.7,8.8,5.6,14.3,21.8,115.9,40.2,87.4,27.2,50.0,13.1,37.3,19.8,25.4,11.0,34.9,45.9,26.2,7.2,4.8,16.3,20.9,113.3
125,2021-22,CHI,46,82,46,36,.561,240.6,41.7,86.9,31.1,58.1,10.6,28.8,17.5,21.5,8.7,33.7,42.3,23.9,7.1,4.1,12.8,18.8,111.6,41.4,87.4,29.7,55.5,11.7,32.0,17.4,21.9,9.3,33.9,43.2,25.0,7.1,5.0,13.1,18.2,112.0
126,2020-21,MIL,46,72,46,26,.639,240.7,44.7,91.8,30.3,54.7,14.4,37.1,16.2,21.4,10.3,37.8,48.1,25.5,8.1,4.6,13.8,17.3,120.1,42.4,92.9,27.6,54.3,14.8,38.6,14.6,18.8,9.6,33.8,43.4,25.1,7.0,4.8,13.2,18.3,114.2
127,2019-20,DEN,46,73,46,27,.630,243.1,42.0,88.9,31.1,58.3,11.0,30.6,16.2,20.9,10.8,33.4,44.1,26.7,8.0,4.6,13.8,20.3,111.3,40.0,86.5,27.9,52.6,12.1,33.9,17.1,22.5,10.1,32.6,42.6,25.4,7.2,4.4,14.3,20.5,109.2
128,2017-18,DEN,46,82,46,36,.561,242.4,40.7,86.6,29.2,55.7,11.5,30.9,17.1,22.3,11.0,33.5,44.5,25.1,7.6,4.9,15.0,18.7,110.0,41.3,86.7,30.4,57.9,10.9,28.8,15.0,20.4,9.8,31.9,41.6,24.7,8.0,4.8,13.8,20.7,108.5
129,2014-15,WAS,46,82,46,36,.561,243.4,38.3,82.8,32.2,66.0,6.1,16.8,15.9,21.4,10.5,34.2,44.7,24.0,7.3,4.6,15.0,20.8,98.5,36.2,83.5,28.1,60.5,8.0,23.0,17.5,23.7,10.0,31.7,41.7,19.9,8.0,4.3,14.0,19.6,97.8
130,2011-12,MIA,46,66,46,20,.697,243.0,37.1,79.0,31.5,63.4,5.6,15.6,18.8,24.2,10.4,31.2,41.6,20.0,8.9,5.4,15.2,19.4,98.5,34.6,79.8,27.4,59.8,7.3,20.0,16.0,22.1,11.0,28.7,39.8,19.7,8.3,4.2,16.8,20.5,92.5
131,2010-11,MEM,46,82,46,36,.561,242.4,39.0,82.9,35.3,71.6,3.8,11.3,18.1,24.2,11.8,29.2,41.0,20.6,9.4,5.4,14.0,20.8,99.9,36.2,79.1,29.0,59.7,7.2,19.4,18.1,23.8,11.0,29.1,40.1,21.0,7.5,6.2,16.7,21.4,97.6
132,2010-11,NOH,46,82,46,36,.561,241.8,35.9,78.2,30.5,63.2,5.4,15.0,17.7,23.1,10.0,30.1,40.1,20.6,7.6,4.4,13.0,21.0,94.9,35.1,76.9,28.4,57.9,6.8,19.0,17.0,22.0,9.4,30.0,39.3,21.2,6.1,4.8,14.5,20.4,94.0
133,2022-23,PHO,45,82,45,37,.549,241.2,42.1,90.1,29.9,57.5,12.2,32.6,17.2,21.7,11.8,32.4,44.2,27.3,7.1,5.3,13.5,21.2,113.6,40.0,85.9,28.6,53.9,11.4,32.0,20.1,25.6,10.2,32.6,42.9,23.4,7.2,4.0,14.4,19.9,111.6
134,2022-23,BRK,45,82,45,37,.549,240.6,41.5,85.1,28.7,51.3,12.8,33.8,17.7,22.1,8.2,32.3,40.5,25.5,7.1,6.2,13.7,21.1,113.4,41.0,88.5,29.2,56.3,11.8,32.2,18.7,24.4,11.5,33.6,45.1,23.4,7.0,3.9,13.7,18.5,112.5
135,2019-20,IND,45,73,45,28,.616,241.4,42.1,88.5,31.9,60.4,10.2,28.0,15.0,19.1,8.7,34.1,42.8,25.9,7.4,5.2,13.2,19.8,109.4,39.5,88.5,28.0,54.8,11.5,33.6,17.0,21.6,10.4,34.9,45.2,23.1,6.9,4.6,14.7,18.8,107.5
136,2015-16,IND,45,82,45,37,.549,242.4,38.3,85.2,30.2,62.1,8.1,23.0,17.4,22.8,10.3,33.9,44.2,21.2,9.0,4.8,14.9,20.0,102.2,37.4,84.9,29.1,60.1,8.3,24.8,17.4,23.2,10.7,33.8,44.5,20.8,7.7,4.5,15.8,20.4,100.5
137,2014-15,NOP,45,82,45,37,.549,241.2,37.9,82.9,30.8,63.6,7.1,19.3,16.4,21.8,11.5,32.0,43.5,22.0,6.7,6.2,13.3,18.7,99.4,37.9,83.1,31.4,63.5,6.5,19.6,16.2,21.4,10.6,30.9,41.5,20.7,6.8,5.8,12.2,18.7,98.6
138,2014-15,OKC,45,82,45,37,.549,241.8,38.8,86.8,31.1,64.1,7.7,22.7,18.6,24.6,12.8,34.7,47.5,20.5,7.3,5.5,14.7,22.3,104.0,37.6,85.5,29.3,61.3,8.3,24.2,18.2,24.5,11.2,31.5,42.7,22.1,7.8,4.6,13.6,20.4,101.8
139,2012-13,CHI,45,82,45,37,.549,241.8,35.7,81.7,30.2,66.3,5.4,15.4,16.4,21.2,12.5,30.7,43.2,23.0,7.2,5.1,14.3,19.7,93.2,35.4,80.1,29.9,64.1,5.5,16.0,16.5,22.3,11.0,30.1,41.1,18.8,7.3,5.8,13.7,19.6,92.9
140,2012-13,HOU,45,82,45,37,.549,241.2,38.1,82.7,27.5,53.8,10.6,28.9,19.2,25.5,11.1,32.3,43.4,23.2,8.3,4.4,16.4,20.3,106.0,38.8,85.5,30.8,63.5,8.1,21.9,16.8,21.6,10.7,31.0,41.6,22.7,8.5,6.1,14.8,20.4,102.5
141,2012-13,LAL,45,82,45,37,.549,240.9,37.1,81.0,28.4,56.4,8.7,24.6,19.3,27.9,11.5,33.3,44.8,22.2,7.0,5.2,15.0,17.9,102.2,39.7,87.6,32.2,66.6,7.5,21.0,14.2,19.4,11.5,31.1,42.7,23.4,8.5,4.8,12.9,23.1,101.0
142,2022-23,MIA,44,82,44,38,.537,241.5,39.2,85.3,27.3,50.5,12.0,34.8,19.1,23.0,9.7,30.9,40.6,23.8,8.0,3.0,13.5,18.5,109.5,40.1,83.2,27.0,47.4,13.1,35.8,16.5,21.1,8.9,33.0,41.8,25.6,7.0,3.8,15.7,20.0,109.8
143,2022-23,GSW,44,82,44,38,.537,241.8,43.1,90.2,26.5,47.0,16.6,43.2,16.0,20.2,10.5,34.1,44.6,29.8,7.2,3.9,16.3,21.4,118.9,42.4,90.5,29.5,55.0,12.9,35.5,19.4,25.2,10.7,32.6,43.3,25.7,7.9,4.0,14.3,18.4,117.1
144,2022-23,LAC,44,82,44,38,.537,241.8,41.1,86.1,28.4,52.7,12.7,33.4,18.7,23.9,9.8,33.4,43.2,23.9,7.1,4.4,14.2,19.5,113.6,41.8,88.3,29.6,54.9,12.2,33.4,17.2,22.3,10.2,32.9,43.1,25.0,7.8,4.2,13.0,19.6,113.1
145,2021-22,BRK,44,82,44,38,.537,240.9,42.0,88.4,30.5,56.7,11.5,31.7,17.5,21.7,10.3,34.1,44.4,25.3,7.1,5.5,14.1,20.4,112.9,40.7,90.2,28.2,53.9,12.5,36.3,18.1,23.0,11.3,32.8,44.1,23.8,7.9,4.9,13.3,19.7,112.1
146,2021-22,CLE,44,82,44,38,.537,240.6,39.7,84.6,28.1,51.9,11.6,32.8,16.8,22.1,10.2,34.0,44.2,25.2,7.1,4.2,14.4,17.5,107.8,39.5,87.2,27.8,54.0,11.7,33.2,15.0,19.4,10.5,32.4,42.9,24.1,8.4,4.6,13.4,20.0,105.7
147,2019-20,MIA,44,73,44,29,.603,243.1,39.5,84.4,26.0,49.0,13.4,35.4,19.7,25.2,8.5,35.9,44.4,25.9,7.5,4.5,14.9,20.6,112.0,38.8,86.7,25.7,48.9,13.1,37.7,18.4,23.6,9.2,33.3,42.5,24.6,7.5,4.1,14.0,21.7,109.1
148,2019-20,UTA,44,72,44,28,.611,241.0,40.1,85.1,26.7,49.9,13.4,35.2,17.8,22.8,9.1,35.8,44.9,22.4,6.1,4.1,15.1,20.4,111.3,40.7,89.1,29.7,58.1,11.0,31.0,16.5,21.5,9.6,33.1,42.7,21.5,7.9,4.6,12.3,20.8,108.8
149,2019-20,HOU,44,72,44,28,.611,241.4,40.8,90.4,25.1,45.2,15.6,45.3,20.6,26.1,9.8,34.5,44.3,21.6,8.7,5.2,14.7,21.8,117.8,42.3,91.5,30.1,56.5,12.2,35.0,18.0,23.7,11.2,36.7,47.9,25.3,8.0,4.9,16.2,21.0,114.8
150,2019-20,OKC,44,72,44,28,.611,242.1,40.0,85.5,29.3,55.3,10.7,30.2,19.8,24.8,8.2,34.7,42.9,21.7,7.6,4.9,13.7,19.3,110.4,40.8,89.6,29.5,56.4,11.3,33.3,15.5,19.6,10.5,34.3,44.8,23.0,7.0,4.0,14.2,22.8,108.4
151,2017-18,MIL,44,82,44,38,.537,241.8,39.7,83.0,31.0,58.3,8.8,24.7,18.3,23.4,8.4,31.5,39.8,23.2,8.8,5.4,13.8,21.4,106.5,39.1,83.7,29.0,56.6,10.1,27.1,18.4,23.5,10.0,32.8,42.7,23.6,7.1,4.5,15.6,19.9,106.8
152,2017-18,MIA,44,82,44,38,.537,243.0,38.8,85.3,27.8,54.8,11.0,30.6,14.7,19.5,9.3,34.2,43.5,22.7,7.6,5.3,14.4,20.1,103.4,37.7,83.8,28.1,57.2,9.6,26.6,18.0,23.0,9.1,34.0,43.1,21.0,7.5,4.6,14.1,19.4,102.9
153,2015-16,DET,44,82,44,38,.537,242.4,37.9,86.4,28.9,60.2,9.0,26.2,17.1,25.5,12.5,33.9,46.3,19.4,7.0,3.7,13.5,19.0,102.0,38.8,84.2,31.5,63.7,7.3,20.5,16.5,21.0,8.8,33.7,42.5,21.5,7.1,4.5,13.4,21.6,101.4
154,2015-16,POR,44,82,44,38,.537,241.5,38.6,85.9,28.1,57.4,10.5,28.5,17.4,23.0,11.6,33.9,45.5,21.3,6.9,4.6,14.6,21.7,105.1,38.4,84.7,29.8,61.7,8.5,23.0,19.0,26.0,10.6,33.1,43.7,21.6,7.7,5.2,13.3,19.5,104.3
155,2013-14,BRK,44,82,44,38,.537,242.4,35.7,77.9,27.1,54.5,8.6,23.4,18.4,24.4,8.8,29.4,38.1,20.9,8.6,3.8,14.5,21.7,98.5,36.3,79.4,28.3,57.4,8.1,22.0,18.8,24.7,11.2,31.6,42.9,21.0,7.4,4.1,15.8,20.8,99.5
156,2013-14,WAS,44,82,44,38,.537,244.6,38.7,84.4,30.9,63.6,7.9,20.8,15.3,20.9,10.8,31.4,42.2,23.3,8.1,4.6,14.7,20.4,100.7,37.0,80.9,29.6,59.4,7.5,21.5,17.8,23.3,10.1,32.1,42.2,22.2,7.7,3.9,16.0,19.5,99.4
157,2012-13,ATL,44,82,44,38,.537,242.1,37.6,81.0,29.0,57.8,8.6,23.2,14.1,19.7,9.2,31.6,40.9,24.5,8.1,4.5,14.9,18.0,98.0,37.5,83.2,29.9,63.3,7.6,19.9,15.0,19.7,11.3,32.4,43.7,22.3,8.4,4.3,15.2,18.8,97.5
158,2010-11,ATL,44,82,44,38,.537,240.6,36.2,78.4,30.1,61.0,6.1,17.4,16.4,21.1,9.3,30.0,39.3,22.0,6.1,4.2,13.6,19.0,95.0,36.7,79.7,31.1,63.2,5.6,16.6,16.8,21.7,10.2,30.3,40.6,21.4,6.7,4.2,12.5,18.5,95.8
159,2022-23,LAL,43,82,43,39,.524,242.4,42.9,89.0,32.1,57.8,10.8,31.2,20.6,26.6,10.0,35.7,45.7,25.3,6.4,4.6,14.1,17.9,117.2,44.0,93.9,31.5,57.4,12.5,36.5,16.1,20.8,11.1,33.8,44.9,25.7,7.6,5.1,12.6,21.5,116.6
160,2021-22,ATL,43,82,43,39,.524,240.3,41.5,88.3,28.6,53.9,12.9,34.4,18.1,22.3,10.0,33.9,44.0,24.6,7.2,4.2,11.9,18.7,113.9,41.9,89.0,29.1,53.7,12.8,35.2,15.8,19.9,10.2,33.6,43.9,25.4,7.0,4.5,12.8,20.3,112.4
161,2021-22,CHO,43,82,43,39,.524,242.4,42.8,91.4,28.8,53.3,13.9,38.2,15.8,21.4,10.8,33.7,44.6,28.1,8.6,4.9,13.3,19.9,115.3,42.0,90.1,28.0,51.4,14.0,38.7,16.9,22.1,11.4,35.6,47.0,26.5,7.5,4.6,15.0,19.6,114.9
162,2019-20,DAL,43,75,43,32,.573,242.3,41.7,90.3,26.5,49.0,15.1,41.3,18.6,23.8,10.5,36.4,46.9,24.7,6.1,4.8,12.7,19.5,117.0,41.9,91.6,29.7,56.7,12.3,34.9,16.0,21.0,10.4,35.0,45.4,23.9,7.0,4.1,11.9,21.3,112.1
163,2019-20,PHI,43,73,43,30,.589,241.0,41.1,87.9,29.5,56.3,11.6,31.6,16.9,22.4,10.5,35.0,45.4,25.8,8.0,5.3,14.2,20.9,110.7,39.8,86.0,29.4,56.5,10.4,29.4,18.4,24.5,8.6,33.2,41.8,22.8,7.0,4.0,13.8,20.5,108.4
164,2017-18,WAS,43,82,43,39,.524,242.1,39.9,85.6,30.0,59.1,9.9,26.5,16.8,21.8,10.0,33.1,43.1,25.2,7.9,4.3,14.6,21.3,106.6,39.0,84.4,28.8,55.2,10.2,29.2,17.9,23.5,9.8,32.7,42.5,22.3,7.8,4.7,14.9,20.0,106.0
165,2016-17,ATL,43,82,43,39,.524,242.4,38.1,84.4,29.2,58.3,8.9,26.1,18.1,24.9,10.3,34.1,44.3,23.6,8.2,4.8,15.8,18.2,103.2,38.8,87.3,27.9,56.7,10.9,30.5,15.6,20.2,10.7,33.2,43.9,23.4,9.0,5.2,15.4,21.6,104.0
166,2016-17,MEM,43,82,43,39,.524,242.7,36.4,83.6,27.0,57.1,9.4,26.5,18.3,23.4,10.8,32.0,42.8,21.3,8.0,4.2,12.9,22.4,100.5,34.9,78.8,25.0,50.8,9.9,28.0,20.2,26.9,9.3,32.8,42.1,20.1,7.0,5.0,14.3,20.8,100.0
167,2013-14,CHA,43,82,43,39,.524,242.7,36.3,82.1,30.0,64.1,6.3,17.9,18.0,24.4,9.5,33.2,42.7,21.7,6.1,5.1,12.3,18.2,96.9,36.9,83.4,28.7,61.4,8.1,22.0,15.3,20.1,9.6,33.7,43.3,21.0,6.3,5.1,13.3,20.9,97.1
168,2012-13,UTA,43,82,43,39,.524,242.4,37.1,81.8,31.0,64.9,6.2,16.9,17.5,23.0,12.1,30.0,42.0,22.7,8.4,6.3,14.8,21.3,98.0,36.6,79.9,29.8,61.4,6.8,18.5,18.0,23.8,11.0,29.8,40.8,20.6,7.8,5.9,14.7,20.4,98.1
169,2010-11,HOU,43,82,43,39,.524,242.4,38.7,85.1,30.4,62.6,8.3,22.5,20.3,25.4,11.7,31.1,42.8,23.8,7.1,4.5,13.5,20.0,105.9,39.8,85.1,34.4,69.9,5.5,15.2,18.6,23.8,11.6,31.1,42.8,20.8,7.2,5.5,13.7,21.4,103.7
170,2022-23,MIN,42,82,42,40,.512,241.8,42.9,87.4,30.7,54.1,12.2,33.3,17.9,23.7,9.1,32.8,41.9,26.2,8.0,5.4,15.3,21.6,115.8,41.8,88.7,29.5,55.5,12.3,33.3,19.9,26.0,11.3,33.3,44.7,25.0,8.2,4.1,15.4,20.2,115.8
171,2022-23,NOP,42,82,42,40,.512,242.1,42.0,87.6,31.1,57.5,11.0,30.1,19.3,24.4,10.6,33.1,43.7,25.9,8.3,4.1,14.6,20.5,114.4,40.9,86.6,28.7,50.6,12.2,36.0,18.4,23.6,9.7,32.1,41.8,24.9,7.3,4.7,15.0,20.4,112.5
172,2021-22,LAC,42,82,42,40,.512,241.2,40.1,87.4,27.3,53.3,12.8,34.2,15.5,19.6,9.1,34.9,44.0,24.0,7.4,5.0,13.7,18.6,108.4,40.8,90.6,29.1,56.7,11.7,33.9,15.2,19.6,12.0,35.1,47.1,24.1,7.7,4.1,13.6,18.5,108.4
173,2020-21,POR,42,72,42,30,.583,240.3,41.3,91.1,25.6,50.3,15.7,40.8,17.8,21.6,10.6,33.9,44.5,21.3,6.9,5.0,11.1,18.9,116.1,41.8,88.3,28.9,53.6,12.9,34.6,17.9,22.8,9.9,35.5,45.4,24.9,6.1,4.6,12.4,19.1,114.3
174,2020-21,DAL,42,72,42,30,.583,240.3,41.1,87.3,27.3,49.2,13.8,38.1,16.5,21.2,9.1,34.2,43.3,22.9,6.3,4.3,12.1,19.4,112.4,40.1,87.1,27.2,51.8,12.8,35.2,17.2,22.5,9.8,34.2,43.9,22.7,7.3,3.7,12.6,20.1,110.2
175,2020-21,LAL,42,72,42,30,.583,242.4,40.6,86.1,29.6,54.8,11.1,31.2,17.2,23.3,9.7,34.6,44.2,24.7,7.8,5.4,15.2,19.1,109.5,39.8,86.4,28.4,54.2,11.4,32.2,15.9,20.5,8.8,33.2,42.0,24.7,8.2,4.5,15.2,21.3,106.8
176,2018-19,ORL,42,82,42,40,.512,241.2,40.4,89.1,29.0,57.0,11.4,32.1,15.0,19.2,10.0,35.4,45.4,25.5,6.6,5.4,13.2,18.6,107.3,39.9,87.6,29.5,57.4,10.5,30.2,16.3,20.9,9.0,35.6,44.6,23.1,7.0,4.4,13.0,18.7,106.6
177,2018-19,BRK,42,82,42,40,.512,243.7,40.3,89.7,27.5,53.6,12.8,36.2,19.0,25.5,11.0,35.6,46.6,23.8,6.6,4.1,15.1,21.5,112.2,42.2,92.5,31.9,62.1,10.3,30.3,17.6,22.8,11.0,35.2,46.2,23.7,7.8,5.3,13.5,22.0,112.3
178,2017-18,LAC,42,82,42,40,.512,240.3,40.3,85.4,30.8,58.6,9.5,26.8,19.0,25.5,10.1,33.7,43.9,22.3,7.7,4.5,14.7,20.0,109.0,40.2,87.7,29.5,57.5,10.7,30.2,17.8,22.7,10.6,33.0,43.6,24.6,8.5,5.6,14.1,22.0,109.0
179,2016-17,IND,42,82,42,40,.512,242.1,39.3,84.5,30.6,61.5,8.6,23.0,17.9,22.1,9.0,33.0,42.0,22.5,8.2,5.0,13.8,19.5,105.1,38.0,84.3,27.6,55.1,10.4,29.1,19.0,24.1,10.7,33.5,44.3,22.3,8.1,5.0,14.9,19.5,105.3
180,2016-17,MIL,42,82,42,40,.512,241.2,38.8,81.9,30.0,58.2,8.8,23.7,17.2,22.4,8.8,31.6,40.4,24.2,8.1,5.3,14.0,20.2,103.6,38.0,83.0,28.0,54.8,10.0,28.2,17.9,23.2,10.3,32.1,42.5,24.1,7.4,4.6,14.7,19.3,103.8
181,2015-16,CHI,42,82,42,40,.512,242.7,38.6,87.4,30.7,66.1,7.9,21.4,16.5,21.0,11.1,35.2,46.3,22.8,6.0,5.7,13.9,18.8,101.6,39.4,89.4,31.5,66.4,7.9,23.0,16.3,22.1,11.8,34.1,45.9,22.5,8.0,5.7,11.9,18.7,103.1
182,2015-16,DAL,42,82,42,40,.512,244.0,37.4,84.1,27.5,55.6,9.8,28.6,17.7,22.3,9.2,33.9,43.1,22.1,6.8,3.7,12.8,19.5,102.3,38.3,85.0,29.3,58.5,9.1,26.5,16.9,22.8,10.6,35.2,45.8,22.0,7.5,4.4,13.9,21.4,102.6
183,2015-16,MEM,42,82,42,40,.512,241.8,36.8,83.6,30.7,65.1,6.1,18.5,19.3,24.7,11.2,30.5,41.6,20.7,8.8,4.3,13.3,21.7,99.1,35.9,78.8,26.2,52.1,9.7,26.6,19.7,25.7,10.1,33.1,43.2,21.9,7.0,5.7,16.2,21.1,101.3
184,2011-12,IND,42,66,42,24,.636,242.3,35.7,81.4,29.7,65.3,5.9,16.1,20.4,26.1,12.5,31.4,43.9,18.6,7.9,5.4,14.0,21.7,97.7,34.9,80.4,28.2,61.3,6.7,19.1,17.9,24.5,12.0,30.3,42.3,19.6,6.6,6.0,14.9,21.6,94.4
185,2010-11,NYK,42,82,42,40,.512,241.2,38.3,83.7,29.0,58.4,9.3,25.4,20.6,25.5,10.3,30.1,40.5,21.4,7.6,5.8,13.7,21.3,106.5,39.5,83.8,33.0,66.2,6.5,17.6,20.1,26.4,11.8,32.3,44.0,20.5,7.1,4.4,15.2,20.8,105.7
186,2022-23,TOR,41,82,41,41,.500,241.5,41.9,91.3,31.1,59.3,10.7,32.0,18.4,23.4,12.7,30.3,43.0,23.9,9.4,5.2,11.7,20.0,112.9,40.4,82.3,28.2,49.7,12.2,32.6,18.4,23.1,9.2,33.0,42.3,26.2,6.0,4.6,16.7,19.6,111.4
187,2022-23,ATL,41,82,41,41,.500,242.1,44.6,92.4,33.9,61.8,10.8,30.5,18.5,22.6,11.2,33.2,44.4,25.0,7.1,4.9,12.9,18.8,118.4,43.8,90.2,31.9,56.7,11.9,33.5,18.6,23.2,10.6,33.5,44.1,26.0,7.5,5.0,14.2,19.7,118.1
188,2020-21,ATL,41,72,41,31,.569,241.7,40.8,87.2,28.4,53.9,12.4,33.4,19.7,24.2,10.6,35.1,45.6,24.1,7.0,4.8,13.2,19.3,113.7,41.3,89.1,29.3,55.0,11.9,34.2,16.9,21.1,10.0,32.7,42.7,24.4,7.7,5.0,12.3,19.8,111.4
189,2020-21,NYK,41,72,41,31,.569,242.1,39.4,86.5,27.7,56.4,11.8,30.0,16.4,20.9,9.7,35.5,45.1,21.4,7.0,5.1,12.9,20.5,107.0,37.9,86.2,25.9,50.6,12.0,35.6,16.9,22.2,9.7,34.4,44.1,23.6,6.6,5.4,12.8,17.9,104.7
190,2018-19,DET,41,82,41,41,.500,242.1,38.8,88.3,26.7,53.5,12.1,34.8,17.3,23.1,11.4,33.6,45.0,22.5,6.9,4.0,13.8,22.1,107.0,39.9,85.0,30.3,57.2,9.6,27.8,17.9,23.7,9.1,34.6,43.7,23.7,6.9,5.1,14.1,21.3,107.3
191,2016-17,POR,41,82,41,41,.500,243.0,39.5,86.1,29.2,58.4,10.4,27.7,18.5,23.7,10.1,33.5,43.7,21.1,7.0,5.0,13.7,21.2,107.9,39.2,86.2,29.9,61.1,9.3,25.1,20.8,26.5,10.1,33.9,44.0,20.6,7.7,5.3,12.8,19.8,108.5
192,2016-17,CHI,41,82,41,41,.500,241.2,38.6,87.1,31.0,64.8,7.6,22.3,18.0,22.5,12.2,34.1,46.3,22.6,7.8,4.8,13.6,17.7,102.9,39.5,86.6,30.5,60.7,8.9,25.9,14.6,19.0,10.3,32.9,43.2,23.6,7.3,4.6,13.4,18.8,102.4
193,2016-17,MIA,41,82,41,41,.500,241.2,39.0,85.8,29.2,58.8,9.9,27.0,15.2,21.6,10.6,33.0,43.6,21.2,7.2,5.7,13.4,20.5,103.2,37.9,84.2,30.1,61.5,7.8,22.7,18.5,23.7,10.2,33.4,43.6,19.6,6.8,4.9,13.7,18.7,102.1
194,2015-16,HOU,41,82,41,41,.500,241.8,37.7,83.5,27.0,52.6,10.7,30.9,20.4,29.4,11.3,31.7,43.1,22.2,10.0,5.2,15.9,21.8,106.5,39.0,85.1,29.3,58.2,9.7,26.9,18.6,24.6,11.8,32.8,44.6,24.6,9.0,4.9,16.6,22.5,106.4
195,2015-16,WAS,41,82,41,41,.500,240.9,39.5,85.8,30.8,61.6,8.6,24.2,16.5,22.5,9.1,32.8,41.8,24.5,8.6,3.9,14.5,20.8,104.1,38.7,83.8,29.7,59.5,9.0,24.2,18.3,23.7,9.4,34.9,44.3,22.5,8.1,4.3,16.2,20.1,104.6
196,2014-15,MIL,41,82,41,41,.500,243.0,37.6,82.0,31.0,63.7,6.6,18.3,16.0,21.1,10.7,31.4,42.1,23.6,9.6,4.9,16.7,22.1,97.8,35.6,81.5,27.3,57.4,8.2,24.1,18.0,24.3,11.4,31.4,42.9,22.3,8.6,4.8,17.4,20.1,97.4
197,2012-13,BOS,41,81,41,40,.506,244.9,37.0,79.7,30.9,62.6,6.1,17.2,16.3,21.0,8.1,31.3,39.3,22.8,8.2,4.5,14.6,21.2,96.5,36.1,82.0,29.3,62.1,6.8,19.9,17.7,23.9,11.4,32.1,43.6,21.6,7.8,4.7,15.3,19.4,96.7
198,2012-13,DAL,41,82,41,41,.500,243.7,38.8,84.0,31.4,64.2,7.4,19.9,16.1,20.4,9.4,32.6,41.9,23.2,7.9,5.5,14.0,20.7,101.1,37.4,84.0,29.6,62.2,7.8,21.8,19.1,25.4,12.0,33.6,45.6,22.0,8.5,4.1,14.7,18.9,101.7
199,2011-12,LAL,41,66,41,25,.621,243.4,36.8,80.6,31.3,63.7,5.5,16.8,18.2,24.1,12.1,34.1,46.2,22.5,5.9,5.3,15.1,16.8,97.3,37.8,86.4,31.0,67.1,6.7,19.3,13.7,18.4,11.5,29.5,41.0,21.9,8.4,4.6,11.3,20.2,95.9
200,2011-12,MEM,41,66,41,25,.621,241.5,36.7,82.2,32.5,69.3,4.2,12.9,17.3,22.8,12.6,29.5,42.0,19.5,9.6,5.2,14.5,19.9,95.0,34.5,77.8,28.2,59.4,6.3,18.3,17.6,23.1,11.0,29.6,40.7,19.3,7.8,5.5,17.1,19.3,93.0
201,2010-11,PHI,41,82,41,41,.500,243.0,38.1,82.6,32.7,67.4,5.4,15.2,17.4,22.6,10.4,31.4,41.8,22.7,7.6,4.3,13.0,19.4,99.0,36.5,81.0,30.8,64.2,5.7,16.8,18.7,24.2,10.7,31.8,42.5,21.5,7.1,4.6,14.2,18.8,97.5
202,2022-23,CHI,40,82,40,42,.488,242.7,42.5,86.8,32.1,57.9,10.4,28.9,17.6,21.8,8.5,33.9,42.4,24.5,7.9,4.5,13.4,18.9,113.1,40.7,87.1,27.5,50.0,13.2,37.1,17.1,22.0,9.6,33.7,43.3,26.0,6.7,4.7,15.0,18.7,111.8
203,2022-23,OKC,40,82,40,42,.488,242.1,43.1,92.6,31.0,58.5,12.1,34.1,19.2,23.7,11.4,32.3,43.6,24.4,8.2,4.2,13.0,21.0,117.5,41.9,88.4,29.0,52.4,12.9,36.0,19.6,25.5,12.0,34.6,46.6,25.9,7.0,5.5,16.8,20.4,116.4
204,2020-21,MIA,40,72,40,32,.556,241.4,39.2,83.7,26.3,47.5,12.9,36.2,16.7,21.1,8.0,33.5,41.5,26.3,7.9,4.0,14.1,18.9,108.1,39.1,85.2,24.8,46.2,14.3,39.1,15.6,19.9,9.5,33.4,42.9,25.8,7.5,4.0,15.1,19.6,108.0
205,2016-17,DEN,40,82,40,42,.488,240.9,41.2,87.7,30.6,58.9,10.6,28.8,18.7,24.2,11.8,34.6,46.4,25.3,6.9,3.9,15.0,19.1,111.7,42.1,88.4,32.3,62.1,9.9,26.3,17.1,21.9,9.4,31.4,40.8,24.0,8.3,4.9,12.0,20.2,111.2
206,2015-16,UTA,40,82,40,42,.488,243.4,36.1,80.4,27.6,56.5,8.5,23.9,17.1,23.0,10.7,32.5,43.2,19.0,7.7,5.2,14.9,20.2,97.7,35.6,79.9,27.7,57.7,7.9,22.2,16.8,22.5,9.3,30.8,40.1,19.1,8.0,4.7,14.0,19.9,95.9
207,2014-15,BOS,40,82,40,42,.488,242.4,38.9,87.9,30.9,63.3,8.0,24.6,15.4,20.5,11.1,32.7,43.8,24.5,8.2,3.6,13.8,21.2,101.4,38.1,84.7,30.7,62.7,7.4,22.0,17.6,23.3,10.9,33.8,44.7,21.9,7.1,5.3,15.1,18.8,101.2
208,2013-14,MIN,40,82,40,42,.488,242.1,38.9,87.5,31.6,66.1,7.3,21.4,21.8,28.1,12.5,32.2,44.7,23.9,8.8,3.6,13.9,18.3,106.9,40.5,86.0,32.4,63.8,8.1,22.2,15.2,20.1,11.1,33.1,44.2,22.9,7.9,5.6,16.4,23.6,104.3
209,2011-12,ATL,40,66,40,26,.606,244.9,36.8,81.0,29.3,60.9,7.5,20.2,15.5,21.0,9.9,31.3,41.2,22.4,8.1,4.6,14.0,17.8,96.6,36.1,81.3,30.1,64.1,5.9,17.2,15.1,20.1,10.8,31.5,42.3,20.5,7.5,4.7,15.1,19.1,93.2
210,2011-12,LAC,40,66,40,26,.606,241.9,37.0,81.3,29.2,59.5,7.8,21.8,15.8,23.3,12.1,29.4,41.6,21.0,8.4,4.8,13.3,21.2,97.5,34.5,77.2,27.6,58.1,7.0,19.1,19.0,25.4,10.8,29.0,39.8,20.7,6.0,4.5,14.6,21.2,95.0
211,2010-11,PHO,40,82,40,42,.488,244.0,39.3,83.5,30.7,60.8,8.5,22.6,18.0,23.6,10.0,30.2,40.2,23.7,6.6,4.4,14.3,20.3,105.0,40.4,85.6,33.2,66.1,7.1,19.5,18.1,24.0,12.0,32.3,44.3,23.0,7.9,4.3,14.5,21.2,105.9
212,2020-21,GSW,39,72,39,33,.542,240.3,41.3,88.2,26.7,49.4,14.6,38.7,16.6,21.1,8.0,35.1,43.0,27.7,8.2,4.8,15.0,21.2,113.7,40.2,89.0,27.9,54.5,12.4,34.5,19.8,25.5,10.7,36.6,47.3,23.8,7.9,4.3,15.0,19.5,112.7
213,2018-19,CHO,39,82,39,43,.476,241.8,40.2,89.8,28.3,55.8,11.9,33.9,18.4,23.1,9.9,33.9,43.8,23.2,7.2,4.9,12.2,18.9,110.7,41.9,89.2,29.8,55.6,12.1,33.5,15.9,20.2,10.1,35.7,45.8,26.0,6.9,6.0,13.5,20.6,111.8
214,2018-19,MIA,39,82,39,43,.476,240.6,39.6,88.0,28.3,55.6,11.3,32.4,15.1,21.7,11.2,35.1,46.3,24.3,7.6,5.5,14.7,20.9,105.7,38.3,86.8,26.4,53.6,11.9,33.1,17.5,22.7,10.1,34.0,44.2,23.3,7.5,4.7,14.1,20.1,105.9
215,2018-19,SAC,39,82,39,43,.476,240.6,43.2,93.1,31.9,63.2,11.3,29.9,16.5,22.7,11.0,34.4,45.4,25.4,8.3,4.4,13.4,21.4,114.2,42.3,90.6,30.2,56.0,12.0,34.6,18.8,24.4,11.2,36.8,48.0,24.7,7.5,5.1,15.9,21.4,115.3
216,2017-18,DET,39,82,39,43,.476,241.5,39.1,86.9,28.3,58.0,10.8,28.9,14.7,19.8,10.1,33.6,43.7,22.8,7.7,3.9,13.5,18.4,103.8,39.1,85.2,28.0,54.4,11.1,30.8,14.6,18.9,9.2,34.5,43.8,25.2,7.3,4.9,14.8,18.4,103.9
217,2014-15,PHO,39,82,39,43,.476,242.4,38.8,85.8,30.2,60.9,8.5,25.0,16.4,21.5,10.9,32.2,43.2,20.2,8.5,4.7,15.1,21.3,102.4,38.4,85.0,30.7,63.1,7.7,21.9,18.8,24.8,11.6,33.7,45.3,21.1,7.9,4.1,15.6,20.3,103.3
218,2011-12,BOS,39,66,39,27,.591,241.5,35.5,77.1,30.0,62.1,5.5,15.0,15.4,19.8,7.7,31.1,38.8,23.6,7.5,5.5,14.8,19.9,91.8,33.4,79.7,28.2,62.8,5.2,16.9,17.2,22.7,11.8,31.4,43.2,18.7,7.8,4.6,15.7,18.4,89.3
219,2010-11,UTA,39,82,39,43,.476,242.4,37.4,80.4,32.1,65.0,5.3,15.3,19.4,25.1,11.0,28.5,39.5,23.4,7.7,5.9,14.3,22.7,99.4,36.2,78.8,29.0,59.6,7.2,19.2,21.7,27.9,11.3,29.6,40.9,20.7,7.4,5.0,14.6,22.0,101.3
220,2022-23,DAL,38,82,38,44,.463,243.0,40.0,84.3,24.8,43.3,15.2,41.0,19.0,25.1,7.6,31.2,38.8,22.9,6.3,3.7,12.2,20.7,114.2,41.8,86.2,30.6,54.5,11.1,31.7,19.5,25.0,10.1,34.6,44.7,24.9,6.4,3.8,13.1,21.8,114.1
221,2020-21,MEM,38,72,38,34,.528,241.7,42.8,91.8,31.7,60.4,11.2,31.4,16.4,21.3,11.2,35.3,46.5,26.9,9.1,5.1,13.3,18.7,113.3,41.0,88.7,28.2,53.6,12.9,35.1,17.4,22.1,9.8,34.9,44.7,25.4,7.7,5.2,14.8,18.3,112.3
222,2014-15,IND,38,82,38,44,.463,242.1,36.6,83.2,29.1,62.0,7.5,21.2,16.7,22.2,10.4,34.4,44.9,21.4,6.2,4.6,14.0,21.2,97.3,36.0,82.7,28.8,61.8,7.2,20.9,17.9,23.8,9.8,33.0,42.7,19.9,7.5,4.7,12.7,21.4,97.0
223,2014-15,BRK,38,82,38,44,.463,243.0,37.4,83.0,30.8,63.1,6.6,19.9,16.6,22.2,10.3,32.0,42.4,20.9,7.0,4.1,13.8,19.3,98.0,38.4,84.3,29.9,60.6,8.5,23.7,15.6,21.3,11.4,32.9,44.3,23.7,7.8,4.5,13.9,20.0,100.9
224,2014-15,UTA,38,82,38,44,.463,240.3,35.4,79.2,27.9,57.5,7.4,21.7,17.0,23.5,12.0,31.9,44.0,19.9,7.6,6.0,15.3,19.3,95.1,35.8,80.3,28.4,60.0,7.4,20.4,16.0,21.5,9.9,29.3,39.2,19.4,8.2,4.7,13.1,19.6,94.9
225,2013-14,ATL,38,82,38,44,.463,241.8,37.3,81.6,28.0,55.8,9.4,25.8,17.0,21.7,8.7,31.3,40.0,24.9,8.3,4.0,15.3,19.2,101.0,38.6,83.5,30.6,61.6,8.0,21.9,16.4,21.9,10.8,32.8,43.5,23.2,8.2,4.3,15.2,20.0,101.5
226,2012-13,MIL,38,82,38,44,.463,241.8,38.1,87.8,30.8,67.4,7.3,20.4,15.3,20.7,13.0,30.9,44.0,22.9,8.4,6.7,14.1,19.0,98.9,38.4,84.7,32.0,66.2,6.5,18.5,17.0,22.5,12.4,33.6,46.0,23.1,8.0,4.4,16.0,19.1,100.4
227,2011-12,DEN,38,66,38,28,.576,243.0,39.0,81.9,32.4,62.0,6.6,19.9,19.6,26.7,11.2,31.9,43.1,24.0,8.2,5.0,15.4,19.7,104.1,38.5,84.4,29.8,61.8,8.7,22.6,15.6,20.5,11.1,29.2,40.3,23.2,7.9,6.7,15.6,22.0,101.2
228,2022-23,UTA,37,82,37,45,.451,241.5,42.5,89.8,29.2,52.0,13.3,37.8,18.7,23.8,11.8,34.1,45.9,26.0,6.1,5.2,15.4,20.5,117.1,43.4,91.6,30.9,57.1,12.5,34.5,18.8,24.3,11.2,32.2,43.5,25.0,7.8,4.9,12.6,20.5,118.0
229,2021-22,NYK,37,82,37,45,.451,241.2,37.7,86.2,24.5,49.3,13.2,36.9,18.0,24.1,11.5,34.6,46.1,21.9,7.0,4.9,13.3,20.4,106.5,38.5,86.0,25.8,49.0,12.7,37.0,17.0,22.3,9.3,34.3,43.6,24.2,7.0,4.6,12.7,20.4,106.6
230,2018-19,LAL,37,82,37,45,.451,241.2,42.6,90.5,32.2,59.6,10.3,31.0,16.3,23.3,10.2,36.4,46.6,25.6,7.5,5.4,15.7,20.7,111.8,41.9,92.8,30.1,58.9,11.8,34.0,17.8,22.7,11.3,35.6,46.9,25.0,8.3,5.1,14.2,20.8,113.5
231,2016-17,DET,37,82,37,45,.451,241.5,39.9,88.8,32.2,65.5,7.7,23.4,13.9,19.3,11.1,34.6,45.7,21.1,7.0,3.8,11.9,17.9,101.3,38.3,83.3,29.0,57.7,9.4,25.6,16.4,21.0,8.0,34.9,42.9,23.5,6.7,4.1,12.8,17.5,102.5
232,2014-15,MIA,37,82,37,45,.451,240.6,35.2,77.2,28.4,57.0,6.8,20.2,17.5,23.7,9.1,30.0,39.1,19.8,7.8,4.5,14.8,20.0,94.7,36.1,79.5,28.0,56.5,8.1,23.0,17.0,23.2,10.9,30.1,41.0,21.3,7.9,4.4,14.8,20.9,97.3
233,2013-14,NYK,37,82,37,45,.451,242.1,36.9,82.2,27.7,57.3,9.3,24.9,15.5,20.4,10.6,29.7,40.3,20.0,7.7,4.5,13.0,22.1,98.6,35.8,78.1,27.1,54.6,8.7,23.4,19.1,25.0,10.3,31.7,42.0,19.7,6.3,3.4,14.5,19.6,99.4
234,2011-12,ORL,37,66,37,29,.561,241.9,34.5,78.2,24.3,51.2,10.2,27.0,15.1,22.8,11.2,31.2,42.5,20.0,6.8,4.2,14.9,17.7,94.2,35.9,80.1,29.7,62.0,6.3,18.1,15.2,19.7,10.1,31.2,41.3,20.5,7.5,4.1,13.1,19.8,93.4
235,2010-11,IND,37,82,37,45,.451,241.2,36.6,82.8,29.5,62.6,7.1,20.2,19.4,24.8,11.1,32.4,43.5,19.6,7.1,5.6,15.4,21.7,99.8,37.5,83.4,31.2,66.0,6.2,17.4,19.7,26.3,11.4,31.9,43.3,20.4,7.5,5.7,13.9,21.4,100.9
236,2021-22,NOP,36,82,36,46,.439,240.9,40.2,88.0,29.5,55.9,10.6,32.1,18.3,23.2,12.0,33.2,45.2,25.0,8.3,4.0,14.1,19.7,109.3,40.3,85.5,27.3,50.0,13.0,35.5,16.8,21.4,9.3,32.5,41.8,24.9,7.4,4.8,14.2,20.5,110.3
237,2020-21,BOS,36,72,36,36,.500,241.4,41.5,88.9,27.9,52.5,13.6,36.4,16.1,20.8,10.6,33.6,44.3,23.5,7.7,5.3,14.1,20.4,112.6,39.9,86.0,27.1,51.6,12.8,34.3,18.5,23.5,9.4,33.1,42.5,24.1,7.4,4.6,14.1,19.3,111.2
238,2018-19,MIN,36,82,36,46,.439,241.8,41.6,91.3,31.5,62.5,10.1,28.7,19.1,24.3,11.3,33.5,44.8,24.6,8.3,5.0,13.1,20.3,112.5,42.1,90.1,29.4,56.5,12.7,33.6,17.1,22.3,11.2,34.4,45.6,26.2,6.6,5.5,14.7,21.9,114.0
239,2017-18,CHO,36,82,36,46,.439,241.2,39.0,86.7,28.9,59.4,10.0,27.2,20.2,27.0,10.1,35.4,45.5,21.6,6.8,4.5,12.7,17.2,108.2,41.1,87.8,29.8,57.7,11.3,30.1,14.5,18.2,8.4,35.3,43.7,24.7,6.6,4.9,13.6,22.4,108.0
240,2016-17,CHO,36,82,36,46,.439,241.8,37.7,85.4,27.7,56.7,10.0,28.6,19.4,23.8,8.8,34.8,43.6,23.1,7.0,4.8,11.5,16.6,104.9,39.5,86.5,27.9,55.1,11.6,31.4,14.2,18.2,8.9,35.5,44.4,24.5,6.6,5.5,13.1,19.9,104.7
241,2013-14,DEN,36,82,36,46,.439,240.9,38.4,85.9,29.8,62.0,8.6,23.9,19.1,26.3,12.3,33.1,45.4,22.4,7.5,5.6,15.9,23.0,104.4,39.5,86.4,32.1,65.4,7.4,21.0,20.2,26.4,11.3,32.5,43.8,22.5,8.5,5.6,14.4,21.7,106.5
242,2011-12,DAL,36,66,36,30,.545,243.4,36.3,82.0,28.8,59.8,7.5,22.2,15.6,20.2,10.1,32.7,42.8,20.9,8.6,5.1,14.0,18.6,95.8,35.6,81.7,28.4,60.9,7.2,20.7,16.5,22.1,11.0,32.9,43.9,20.5,8.5,4.0,14.7,18.4,94.8
243,2011-12,NYK,36,66,36,30,.545,241.5,35.8,80.8,28.0,57.5,7.8,23.3,18.3,24.8,11.3,30.5,41.7,20.1,9.4,4.2,16.0,21.1,97.8,35.1,79.4,28.4,60.6,6.7,18.8,17.7,24.1,10.9,31.0,41.8,18.9,8.1,5.1,17.0,21.8,94.7
244,2011-12,UTA,36,66,36,30,.545,244.9,38.2,83.8,34.1,71.0,4.1,12.8,19.1,25.3,13.0,31.1,44.2,21.8,8.3,5.8,14.2,21.8,99.7,36.4,80.5,29.9,61.4,6.5,19.1,19.7,26.2,11.0,30.1,41.2,20.5,7.5,5.7,14.7,20.7,99.0
245,2010-11,GSW,36,82,36,46,.439,241.8,39.6,85.9,31.3,64.6,8.4,21.3,15.7,20.7,11.6,28.9,40.5,22.5,9.0,5.0,14.6,22.0,103.4,38.7,82.8,31.8,63.4,6.9,19.3,21.4,27.6,12.8,32.0,44.8,24.7,8.2,4.3,16.1,18.4,105.7
246,2022-23,IND,35,82,35,47,.427,240.9,42.0,89.6,28.4,52.6,13.6,37.0,18.7,23.7,10.1,31.4,41.5,27.0,7.7,5.8,14.9,21.2,116.3,43.3,89.3,30.9,56.0,12.4,33.3,20.5,25.6,12.1,33.2,45.3,26.4,7.9,5.3,15.1,20.2,119.5
247,2022-23,WAS,35,82,35,47,.427,240.9,42.1,86.9,30.9,55.2,11.3,31.7,17.6,22.4,9.4,34.2,43.6,25.4,6.8,5.2,14.1,18.8,113.2,42.5,89.8,30.5,57.0,12.0,32.8,17.5,21.9,10.8,32.3,43.0,24.8,7.1,5.0,12.3,19.4,114.4
248,2021-22,WAS,35,82,35,47,.427,241.8,40.6,86.0,30.1,55.4,10.5,30.6,17.0,21.7,9.0,34.1,43.1,25.0,6.4,5.0,13.1,18.8,108.6,41.3,88.9,29.8,57.1,11.5,31.8,18.0,22.3,10.2,34.0,44.2,23.7,7.3,4.2,11.9,19.9,112.0
249,2019-20,BRK,35,72,35,37,.486,242.8,40.4,90.3,27.3,52.1,13.1,38.1,17.9,24.1,10.6,37.3,47.9,24.5,6.4,4.5,15.3,21.0,111.8,41.4,92.9,29.2,58.1,12.2,34.8,17.4,22.6,10.6,35.3,45.9,22.6,7.7,5.3,12.8,21.1,112.3
250,2019-20,POR,35,74,35,39,.473,241.0,42.2,91.2,29.3,57.1,12.9,34.1,17.7,22.1,10.2,35.1,45.3,20.6,6.3,6.1,12.8,21.7,115.0,41.8,91.6,28.2,56.2,13.6,35.4,19.1,24.7,11.5,35.4,46.9,24.9,6.8,4.9,12.9,20.1,116.1
251,2017-18,LAL,35,82,35,47,.427,242.7,40.7,88.4,30.7,59.3,10.0,29.1,16.6,23.3,10.7,35.7,46.4,23.8,7.7,4.7,15.8,21.2,108.1,41.0,89.9,30.6,59.8,10.4,30.1,17.1,22.5,10.2,34.6,44.8,23.6,8.3,5.5,14.3,20.5,109.6
252,2015-16,ORL,35,82,35,47,.427,242.7,39.5,86.8,31.8,64.7,7.8,22.2,15.2,20.1,10.3,33.0,43.3,23.6,8.2,5.1,14.1,20.7,102.1,38.4,83.5,29.5,58.6,8.9,24.9,17.9,24.0,10.1,34.1,44.3,23.2,7.6,5.5,15.1,18.3,103.7
253,2011-12,PHI,35,66,35,31,.530,241.1,37.4,83.6,32.2,69.0,5.3,14.6,13.5,18.2,10.7,32.5,43.2,22.0,8.0,5.2,11.2,17.5,93.6,34.3,80.3,28.9,64.1,5.4,16.2,15.4,20.5,10.7,33.0,43.7,19.6,5.9,4.8,13.9,16.2,89.4
254,2010-11,MIL,35,82,35,47,.427,241.8,34.3,79.8,28.4,62.6,5.9,17.2,17.4,22.9,10.5,30.2,40.8,18.8,7.5,4.9,13.5,20.5,91.9,34.6,77.3,29.2,61.4,5.3,16.0,18.3,23.7,10.2,32.1,42.3,20.2,6.2,4.8,15.2,20.7,92.7
255,2022-23,ORL,34,82,34,48,.415,241.2,40.5,86.3,29.8,55.2,10.8,31.1,19.6,25.0,10.2,33.1,43.2,23.2,7.4,4.7,15.1,20.1,111.4,41.3,86.9,28.4,50.0,13.0,37.0,18.3,23.0,9.5,32.5,42.0,25.9,7.7,5.1,14.7,20.5,114.0
256,2021-22,SAS,34,82,34,48,.415,241.5,43.2,92.7,32.0,60.7,11.3,32.0,15.4,20.4,11.0,34.3,45.3,27.9,7.6,4.9,12.7,18.1,113.2,42.5,91.2,30.4,57.5,12.1,33.6,16.0,20.9,11.4,35.4,46.8,24.0,7.3,4.9,13.8,18.9,113.0
257,2020-21,IND,34,72,34,38,.472,242.4,43.3,91.2,30.9,57.3,12.3,34.0,16.4,20.7,9.0,33.7,42.7,27.4,8.5,6.4,13.5,20.2,115.3,42.7,91.3,31.2,59.9,11.5,31.5,18.4,23.5,11.3,35.5,46.8,26.1,7.4,5.3,14.8,18.1,115.3
258,2020-21,WAS,34,72,34,38,.472,241.7,43.2,90.9,33.0,61.9,10.2,29.0,20.1,26.2,9.7,35.5,45.2,25.5,7.3,4.1,14.4,21.6,116.6,43.1,91.6,30.7,57.9,12.4,33.7,19.8,25.4,10.3,35.8,46.1,24.5,8.2,4.8,14.7,22.0,118.5
259,2019-20,MEM,34,73,34,39,.466,240.7,42.5,90.9,31.6,59.4,10.9,31.5,16.6,21.8,10.3,36.2,46.5,26.9,7.9,5.5,15.2,21.2,112.6,40.6,90.3,27.7,55.0,12.9,35.3,19.6,25.0,10.4,34.5,44.9,24.8,8.0,5.3,14.8,20.2,113.7
260,2019-20,PHO,34,73,34,39,.466,241.0,41.2,88.1,29.8,56.3,11.4,31.8,19.9,23.8,9.8,33.8,43.5,27.2,7.7,4.0,14.8,22.0,113.6,41.2,87.4,29.6,55.4,11.6,32.0,19.3,24.5,9.1,34.2,43.3,23.6,7.9,5.5,15.6,22.6,113.4
261,2016-17,NOP,34,82,34,48,.415,242.7,39.1,87.0,29.8,60.2,9.4,26.8,16.7,22.3,8.6,35.1,43.7,22.8,7.8,5.5,12.9,18.2,104.3,40.1,89.0,29.5,59.2,10.5,29.8,15.8,20.7,10.6,37.7,48.3,23.4,7.4,4.2,14.0,19.3,106.4
262,2013-14,NOP,34,82,34,48,.415,242.1,37.8,82.5,31.9,66.6,5.9,15.9,18.2,23.6,11.4,30.3,41.7,21.3,7.9,6.4,13.8,22.6,99.7,37.3,80.1,29.3,57.8,8.0,22.3,20.0,26.5,10.7,31.0,41.7,22.5,7.0,6.1,14.5,20.3,102.4
263,2012-13,PHI,34,82,34,48,.415,240.9,37.3,84.1,31.0,66.5,6.3,17.5,12.2,16.8,10.9,30.4,41.3,22.8,7.4,4.7,13.0,18.4,93.2,36.8,81.0,30.1,61.8,6.7,19.2,16.2,21.4,11.0,33.0,44.0,22.8,7.2,4.8,14.3,16.2,96.5
264,2012-13,TOR,34,82,34,48,.415,243.7,36.3,81.5,29.4,61.2,7.0,20.3,17.6,22.3,10.6,29.6,40.2,21.5,7.3,4.8,13.7,22.4,97.2,36.2,79.2,29.6,60.8,6.7,18.4,19.6,26.2,10.7,31.0,41.7,21.9,7.0,4.7,14.3,20.1,98.7
265,2011-12,HOU,34,66,34,32,.515,243.4,37.7,84.0,30.5,63.8,7.2,20.2,15.4,19.7,11.7,30.5,42.2,21.3,7.5,4.8,14.5,20.4,98.1,37.5,82.2,31.9,65.0,5.6,17.2,17.3,22.6,11.0,30.7,41.8,20.0,7.5,5.2,14.7,18.4,97.9
266,2010-11,CHA,34,82,34,48,.415,241.5,35.0,77.6,30.2,63.0,4.8,14.7,18.4,24.4,10.3,29.8,40.1,21.1,6.4,5.3,14.5,20.0,93.3,36.0,79.2,29.0,59.5,7.0,19.6,18.2,23.3,9.8,29.8,39.6,21.7,7.3,6.0,13.2,21.1,97.3
267,2022-23,POR,33,82,33,49,.402,240.6,40.5,85.4,27.6,50.1,12.9,35.3,19.6,24.6,9.4,31.1,40.5,24.2,6.7,4.6,14.5,20.0,113.4,43.0,87.5,30.4,54.4,12.5,33.1,19.0,24.1,10.5,32.8,43.2,27.0,7.8,4.3,13.5,20.5,117.4
268,2021-22,LAL,33,82,33,49,.402,243.7,41.6,88.8,29.7,54.3,12.0,34.5,16.8,23.0,9.5,34.5,44.0,24.0,7.6,5.2,14.5,20.2,112.1,42.6,90.5,30.0,54.7,12.6,35.8,17.4,23.3,11.0,35.6,46.6,26.3,8.3,4.1,14.0,20.1,115.1
269,2020-21,CHO,33,72,33,39,.458,241.0,39.9,87.8,26.3,50.8,13.7,37.0,15.9,20.9,10.6,33.2,43.8,26.8,7.8,4.8,14.8,18.0,109.5,41.3,88.1,26.8,48.6,14.5,39.5,14.4,19.3,10.6,34.5,45.2,27.1,8.1,4.8,14.8,18.6,111.4
270,2020-21,SAS,33,72,33,39,.458,242.8,41.9,90.5,31.9,62.1,9.9,28.4,17.4,22.0,9.3,34.6,43.9,24.4,7.0,5.1,11.4,18.0,111.1,42.4,89.8,30.1,57.2,12.3,32.6,15.7,20.7,10.2,37.2,47.4,24.8,6.3,5.1,13.2,18.6,112.8
271,2019-20,ORL,33,73,33,40,.452,240.7,39.3,88.6,28.3,56.4,11.1,32.2,17.6,22.7,10.3,34.2,44.5,23.9,8.2,5.4,12.8,18.3,107.3,40.4,86.9,28.2,53.3,12.2,33.6,15.3,19.8,9.0,35.8,44.9,24.7,7.0,4.6,14.6,19.5,108.3
272,2018-19,DAL,33,82,33,49,.402,241.2,38.8,86.9,26.3,50.2,12.5,36.6,18.8,25.3,10.1,35.2,45.3,23.4,6.5,4.3,14.2,20.1,108.9,40.9,89.2,29.7,56.7,11.2,32.5,17.1,22.0,10.2,34.6,44.8,24.5,7.8,4.5,13.0,23.2,110.1
273,2018-19,MEM,33,82,33,49,.402,242.4,38.0,84.4,28.1,55.6,9.9,28.9,17.7,23.0,8.8,33.0,41.8,23.9,8.3,5.5,14.0,22.0,103.5,37.6,83.4,26.0,51.2,11.6,32.2,19.3,24.7,9.5,35.2,44.7,23.4,7.6,4.9,15.2,21.4,106.1
274,2018-19,NOP,33,82,33,49,.402,240.9,43.7,92.2,33.4,62.4,10.3,29.9,17.8,23.4,11.1,36.2,47.3,27.0,7.4,5.4,14.8,21.1,115.4,43.3,92.8,31.0,59.1,12.3,33.7,17.9,23.5,11.0,34.8,45.8,26.5,8.6,5.4,13.6,21.0,116.8
275,2016-17,DAL,33,82,33,49,.402,241.2,36.2,82.3,25.5,52.2,10.7,30.2,14.8,18.5,7.9,30.7,38.6,20.8,7.5,3.7,11.9,19.1,97.9,37.0,79.0,27.4,53.7,9.6,25.3,17.2,22.3,8.9,35.6,44.5,21.3,6.5,3.4,14.9,19.4,100.8
276,2015-16,DEN,33,82,33,49,.402,241.8,37.7,85.4,29.7,61.7,8.0,23.7,18.5,24.1,11.5,33.1,44.6,22.7,7.4,4.8,14.7,21.0,101.9,38.8,84.2,29.6,59.4,9.2,24.8,18.2,23.9,9.7,32.9,42.7,23.5,8.0,6.3,13.7,20.9,105.0
277,2015-16,MIL,33,82,33,49,.402,241.8,38.4,82.2,33.0,66.6,5.4,15.6,17.0,22.7,10.5,31.2,41.7,23.1,8.2,5.8,15.2,20.7,99.0,37.8,83.1,28.4,56.7,9.3,26.5,18.4,23.9,11.5,31.5,43.0,24.5,8.3,5.6,15.5,19.5,103.2
278,2015-16,SAC,33,82,33,49,.402,241.5,40.0,86.4,32.0,64.0,8.0,22.4,18.5,25.5,10.6,33.7,44.2,24.5,8.9,4.5,16.2,20.4,106.6,40.6,87.7,30.3,59.8,10.2,28.0,17.7,23.2,11.3,33.7,45.0,24.2,8.8,5.3,16.0,22.0,109.1
279,2014-15,CHO,33,82,33,49,.402,242.7,35.5,84.5,29.5,65.4,6.1,19.1,17.0,22.8,10.0,34.1,44.1,20.2,6.1,5.5,11.9,18.2,94.2,36.8,83.7,28.9,61.5,7.9,22.1,15.8,20.4,8.9,35.2,44.1,22.1,6.1,5.4,12.6,20.8,97.3
280,2013-14,CLE,33,82,33,49,.402,243.0,37.0,84.8,29.9,64.8,7.1,20.0,17.0,22.7,12.1,32.1,44.1,21.2,7.1,3.7,14.2,20.0,98.2,37.8,83.5,28.4,58.1,9.3,25.4,16.6,22.0,10.3,32.3,42.5,24.8,7.2,5.6,14.0,19.5,101.5
281,2012-13,POR,33,82,33,49,.402,242.1,36.7,81.9,28.5,58.7,8.2,23.2,15.9,20.5,10.7,30.2,40.8,21.8,6.6,4.3,14.7,18.5,97.5,39.3,83.0,33.0,64.3,6.4,18.7,15.7,20.6,11.0,31.4,42.4,23.7,8.4,4.4,13.1,18.7,100.7
282,2011-12,PHO,33,66,33,33,.500,240.0,37.8,82.5,31.1,62.9,6.7,19.6,16.0,21.2,10.9,30.8,41.7,22.5,6.5,5.5,14.1,18.7,98.4,38.0,83.5,31.9,66.3,6.0,17.1,16.7,21.9,12.2,31.3,43.4,21.5,8.0,4.4,14.1,19.6,98.6
283,2019-20,SAS,32,71,32,39,.451,242.5,42.2,89.4,31.5,61.0,10.7,28.5,19.0,23.4,9.0,35.6,44.6,24.7,7.3,5.5,12.6,19.4,114.1,42.3,90.2,29.2,55.1,13.1,35.1,17.4,22.5,9.4,35.9,45.3,25.7,6.8,4.3,13.2,20.1,115.2
284,2018-19,WAS,32,82,32,50,.390,243.0,42.1,90.1,30.8,56.8,11.3,33.3,18.4,23.9,9.7,32.7,42.4,26.3,8.3,4.6,14.1,20.7,114.0,43.4,90.5,31.3,57.7,12.1,32.8,18.0,23.1,11.4,35.8,47.3,26.2,7.7,4.6,15.8,21.2,116.9
285,2016-17,SAC,32,82,32,50,.390,242.4,37.9,82.1,28.9,58.2,9.0,23.9,18.1,23.3,8.7,32.3,41.1,22.5,7.6,4.0,14.6,20.3,102.8,38.5,83.2,27.5,53.2,10.9,30.0,18.9,24.2,10.1,32.8,42.9,23.7,8.5,5.1,14.0,20.1,106.7
286,2015-16,NYK,32,82,32,50,.390,241.5,36.9,84.0,29.4,62.5,7.4,21.5,17.2,21.4,10.4,34.0,44.4,20.5,5.7,5.7,13.4,19.7,98.4,38.0,85.8,30.3,63.4,7.6,22.4,17.5,23.2,10.9,33.3,44.2,20.8,7.2,4.2,11.3,18.5,101.1
287,2014-15,DET,32,82,32,50,.390,241.8,37.1,85.8,28.5,60.9,8.6,24.9,15.8,22.4,12.8,32.1,44.9,21.6,7.6,4.7,13.4,19.0,98.5,37.9,83.1,30.1,61.3,7.7,21.8,16.0,20.7,10.7,33.4,44.1,23.8,7.0,4.8,14.0,19.3,99.5
288,2010-11,LAC,32,82,32,50,.390,242.1,36.8,80.4,30.5,61.9,6.3,18.5,18.9,26.7,11.6,30.5,42.1,22.1,7.1,4.9,16.4,21.1,98.6,37.1,81.6,30.0,62.1,7.1,19.5,20.4,26.4,11.1,29.4,40.5,22.3,8.0,4.9,13.7,22.1,101.8
289,2020-21,CHI,31,72,31,41,.431,241.4,42.2,88.6,29.6,54.6,12.6,34.0,13.8,17.5,9.6,35.3,45.0,26.8,6.7,4.2,15.1,18.9,110.7,41.4,87.7,29.9,55.3,11.5,32.3,17.2,22.2,8.7,33.5,42.1,24.1,8.5,5.1,12.7,17.7,111.6
290,2020-21,NOP,31,72,31,41,.431,242.1,42.5,89.1,31.9,58.6,10.6,30.4,19.0,26.1,11.7,35.7,47.4,26.0,7.6,4.4,14.6,18.0,114.6,41.9,89.3,27.4,51.2,14.5,38.1,16.6,21.1,8.9,32.9,41.8,25.9,7.7,5.9,13.3,21.3,114.9
291,2020-21,SAC,31,72,31,41,.431,240.3,42.6,88.6,30.5,55.3,12.1,33.3,16.4,22.0,9.4,32.0,41.4,25.5,7.5,5.0,13.4,19.4,113.7,43.6,89.4,31.2,56.8,12.4,32.6,17.8,22.7,10.7,34.6,45.2,25.3,7.6,4.7,13.7,18.7,117.4
292,2019-20,SAC,31,72,31,41,.431,242.4,40.9,88.4,28.2,53.5,12.7,34.9,15.7,20.3,9.7,32.9,42.6,23.8,7.7,4.1,14.5,22.2,110.1,40.3,85.5,27.8,50.7,12.4,34.8,19.2,24.3,9.1,34.5,43.5,24.9,7.7,4.2,15.2,19.5,112.1
293,2016-17,MIN,31,82,31,51,.378,241.5,39.5,84.4,32.1,63.4,7.3,21.0,19.3,24.2,11.4,31.0,42.4,23.7,8.0,4.5,14.0,20.1,105.6,39.6,83.3,29.7,56.3,9.9,27.0,17.6,22.9,9.8,30.6,40.4,23.1,7.7,5.0,14.3,20.5,106.7
294,2016-17,NYK,31,82,31,51,.378,242.1,39.6,88.5,31.0,63.8,8.6,24.7,16.6,21.1,12.0,33.2,45.2,21.8,7.1,5.5,13.9,20.3,104.3,39.7,87.4,29.9,59.1,9.8,28.2,18.7,24.2,11.6,33.1,44.7,21.8,7.5,4.6,12.9,18.5,108.0
295,2012-13,MIN,31,82,31,51,.378,240.6,35.9,81.7,30.4,63.7,5.5,18.0,18.5,24.9,11.9,30.2,42.0,22.4,8.5,4.7,14.8,18.4,95.7,38.0,81.2,30.9,62.2,7.0,19.0,15.2,20.1,10.6,31.5,42.1,22.3,8.1,5.9,15.9,22.5,98.1
296,2011-12,MIL,31,66,31,35,.470,240.4,37.9,85.6,31.3,66.5,6.6,19.2,16.6,21.4,12.4,30.0,42.5,23.5,8.3,5.1,14.1,19.3,99.0,37.1,82.6,30.5,63.7,6.6,18.9,17.9,23.3,12.3,32.4,44.7,21.7,7.6,4.5,15.9,19.4,98.7
297,2021-22,SAC,30,82,30,52,.366,241.5,40.5,88.1,29.1,54.9,11.4,33.2,17.9,23.3,9.6,33.4,42.9,23.7,7.2,4.5,14.1,18.9,110.3,43.4,90.6,30.4,55.7,13.0,34.9,15.9,20.5,10.6,35.3,45.8,25.3,8.1,4.8,13.5,20.3,115.8
298,2019-20,NOP,30,72,30,42,.417,242.1,42.6,91.6,28.9,54.8,13.6,36.9,17.1,23.4,11.1,35.4,46.5,26.8,7.5,5.0,16.4,21.2,115.8,42.7,91.8,30.5,58.0,12.2,33.9,19.4,24.7,10.1,34.7,44.8,24.5,8.5,4.8,14.5,21.1,117.1
299,2015-16,NOP,30,82,30,52,.366,241.2,38.5,85.9,29.9,62.1,8.6,23.8,17.3,22.2,9.5,33.1,42.6,22.2,7.7,4.2,13.4,20.9,102.7,39.2,83.9,30.0,59.0,9.2,24.9,18.8,24.0,8.9,35.5,44.4,23.2,7.3,5.2,13.7,19.9,106.5
300,2014-15,DEN,30,82,30,52,.366,242.4,37.8,87.3,29.7,62.5,8.0,24.8,17.8,24.3,12.3,32.4,44.7,21.8,7.8,4.5,14.2,23.0,101.5,38.6,84.3,30.9,62.0,7.7,22.2,20.1,26.9,11.0,34.1,45.1,23.1,7.5,6.1,14.4,20.7,105.0
301,2010-11,DET,30,82,30,52,.366,242.4,37.3,81.1,31.5,65.7,5.8,15.3,16.7,22.6,11.4,27.3,38.6,21.1,7.3,4.0,13.0,19.9,97.0,37.9,78.1,31.5,60.3,6.4,17.8,18.3,23.9,10.6,30.1,40.7,23.3,6.9,4.6,14.1,18.8,100.6
302,2018-19,ATL,29,82,29,53,.354,242.1,41.4,91.8,28.4,54.8,13.0,37.0,17.6,23.4,11.6,34.5,46.1,25.8,8.2,5.1,17.0,23.6,113.3,42.8,90.5,30.4,56.1,12.4,34.4,21.5,28.3,10.6,35.4,46.0,26.9,9.9,5.5,15.0,22.2,119.4
303,2017-18,NYK,29,82,29,53,.354,241.8,40.7,87.7,32.5,64.4,8.2,23.3,14.9,19.0,10.5,33.6,44.0,23.3,6.7,5.1,14.7,20.5,104.5,39.4,86.3,28.2,55.9,11.2,30.4,18.0,23.2,10.2,33.0,43.2,24.0,8.2,4.7,13.4,18.4,108.0
304,2016-17,ORL,29,82,29,53,.354,241.5,38.3,87.0,29.7,60.9,8.5,26.1,16.0,21.4,9.8,33.3,43.2,22.2,7.1,4.8,13.3,19.3,101.1,40.3,86.4,30.6,60.0,9.7,26.4,17.4,22.7,9.7,35.8,45.5,23.6,7.6,5.1,13.0,18.7,107.6
305,2015-16,MIN,29,82,29,53,.354,242.4,37.7,81.3,32.2,64.9,5.5,16.4,21.4,27.0,10.0,31.5,41.6,23.4,8.0,4.6,15.0,20.7,102.4,40.0,84.9,30.9,59.4,9.0,25.5,17.0,22.5,10.7,31.2,41.9,22.6,7.8,5.2,14.9,21.6,106.0
306,2014-15,SAC,29,82,29,53,.354,242.1,36.7,80.7,31.1,64.2,5.6,16.5,22.3,29.3,10.9,33.3,44.2,20.3,6.7,4.0,16.3,20.7,101.3,39.5,86.5,30.7,61.5,8.8,25.1,17.3,23.1,11.0,30.2,41.2,23.3,8.7,6.2,12.9,23.9,105.0
307,2013-14,DET,29,82,29,53,.354,241.2,38.8,86.9,32.6,67.6,6.2,19.3,17.3,25.7,14.6,30.8,45.4,20.9,8.4,4.8,14.5,20.3,101.0,39.1,83.2,30.8,60.3,8.3,22.8,18.1,24.0,11.1,31.9,43.0,24.4,8.2,4.9,15.0,20.7,104.7
308,2012-13,DET,29,82,29,53,.354,241.5,36.3,81.0,30.1,63.4,6.3,17.6,15.9,22.8,12.1,30.0,42.1,21.2,7.0,4.9,15.1,19.8,94.9,37.3,81.2,29.9,60.7,7.4,20.4,16.9,22.2,11.1,30.7,41.8,22.4,8.4,5.8,13.7,19.9,98.8
309,2012-13,WAS,29,82,29,53,.354,242.1,35.5,81.6,28.8,63.4,6.6,18.2,15.6,21.3,10.8,32.3,43.2,21.6,7.3,4.6,15.1,20.5,93.2,35.9,81.7,28.8,61.2,7.1,20.5,16.8,22.8,11.0,33.2,44.2,21.5,7.8,4.4,14.5,19.1,95.8
310,2017-18,BRK,28,82,28,54,.341,242.1,38.2,86.8,25.5,51.1,12.7,35.7,17.4,22.6,9.7,34.8,44.4,23.7,6.2,4.8,15.2,20.6,106.6,41.7,89.4,32.6,64.9,9.0,24.5,17.9,23.4,10.4,36.4,46.8,21.7,7.7,5.5,12.4,19.7,110.3
311,2016-17,PHI,28,82,28,54,.341,241.8,37.7,85.3,27.5,55.5,10.1,29.8,17.0,22.0,9.8,33.0,42.8,23.8,8.4,5.1,16.7,21.9,102.4,39.6,85.9,30.7,61.0,8.9,24.9,20.1,26.0,10.8,34.2,45.0,22.7,8.6,5.4,15.1,19.6,108.1
312,2013-14,SAC,28,82,28,54,.341,241.8,36.9,82.5,30.9,64.5,6.0,18.0,20.7,27.3,12.1,32.4,44.5,18.9,7.2,3.9,15.2,22.5,100.5,37.8,82.1,29.4,59.8,8.5,22.4,19.2,26.1,9.9,31.3,41.2,23.5,7.8,5.6,13.6,23.1,103.4
313,2012-13,SAC,28,82,28,54,.341,241.8,37.6,84.2,30.2,63.7,7.4,20.5,17.5,22.8,11.5,29.1,40.6,20.8,8.2,4.2,14.6,20.9,100.2,39.3,83.3,31.7,61.8,7.6,21.5,18.9,24.1,11.9,31.7,43.6,25.1,7.6,6.3,14.7,20.0,105.1
314,2011-12,POR,28,66,28,38,.424,241.9,36.4,82.1,29.2,61.1,7.2,20.9,17.2,21.6,11.1,29.5,40.7,20.4,8.0,4.9,14.2,19.0,97.2,37.5,81.0,30.8,62.6,6.7,18.4,16.1,21.5,11.1,31.2,42.3,21.1,7.6,4.8,14.9,19.8,97.8
315,2022-23,CHO,27,82,27,55,.329,241.8,41.3,90.4,30.5,57.9,10.7,32.5,17.6,23.6,11.0,33.5,44.5,25.1,7.7,5.2,14.2,20.3,111.0,43.0,90.1,30.7,55.8,12.2,34.3,19.0,24.0,10.9,35.3,46.2,25.9,7.0,5.7,14.4,20.3,117.2
316,2021-22,POR,27,82,27,55,.329,240.6,38.5,87.1,25.8,50.3,12.7,36.8,16.4,21.6,10.4,32.5,42.9,22.9,8.0,4.5,14.5,21.1,106.2,41.1,85.9,27.4,48.8,13.8,37.1,19.1,24.6,9.8,35.0,44.7,26.6,8.2,5.0,14.0,19.4,115.1
317,2020-21,TOR,27,72,27,45,.375,240.3,39.7,88.7,25.3,49.3,14.5,39.3,17.4,21.3,9.4,32.1,41.6,24.1,8.6,5.4,13.2,21.2,111.3,39.0,84.7,25.1,48.0,13.9,36.7,19.8,24.8,10.0,35.9,45.9,26.0,6.6,5.6,16.1,19.5,111.7
318,2017-18,CHI,27,82,27,55,.329,242.1,38.7,88.8,27.6,57.8,11.0,31.1,14.6,19.2,9.6,35.0,44.7,23.5,7.6,3.5,14.0,19.2,102.9,41.0,86.8,28.9,54.1,12.1,32.7,15.9,20.2,8.4,37.2,45.7,25.9,7.2,5.2,13.6,17.4,110.0
319,2017-18,SAC,27,82,27,55,.329,240.9,38.8,86.1,29.8,62.1,9.0,24.0,12.3,16.7,9.5,31.4,40.9,21.6,7.8,4.1,13.7,20.0,98.8,38.7,82.4,26.8,50.9,11.9,31.5,16.4,21.5,9.1,34.7,43.8,23.6,7.8,4.7,14.3,17.3,105.8
320,2013-14,LAL,27,82,27,55,.329,240.3,38.3,85.1,28.8,60.3,9.4,24.8,17.0,22.4,9.1,32.0,41.0,24.5,7.5,5.4,15.1,19.8,103.0,42.0,89.6,33.8,67.2,8.1,22.5,17.2,23.7,13.0,36.0,49.0,25.8,9.6,4.7,14.2,19.3,109.2
321,2012-13,NOH,27,82,27,55,.329,241.2,36.0,80.4,29.5,62.4,6.5,18.0,15.5,20.0,12.0,29.6,41.6,21.0,6.3,5.4,14.5,20.4,94.1,37.0,78.5,29.2,57.9,7.7,20.6,16.3,21.5,10.2,29.2,39.3,23.4,7.9,6.0,13.2,18.7,97.9
322,2016-17,LAL,26,82,26,56,.317,240.3,39.3,87.4,30.4,61.6,8.9,25.7,17.0,22.6,11.4,32.1,43.5,20.9,8.2,3.9,15.2,20.7,104.6,41.5,86.0,31.4,58.6,10.1,27.4,18.3,24.0,10.3,34.2,44.4,25.7,8.5,5.4,14.5,18.5,111.5
323,2011-12,MIN,26,66,26,40,.394,241.5,35.7,82.3,28.5,60.8,7.2,21.6,19.4,25.2,12.1,31.7,43.7,19.5,6.6,4.4,15.2,18.4,97.9,39.0,85.7,32.8,67.6,6.2,18.1,16.0,21.2,11.7,31.8,43.4,21.5,8.3,5.7,13.3,21.7,100.1
324,2021-22,IND,25,82,25,57,.305,242.4,41.4,89.5,29.3,54.1,12.2,35.4,16.4,21.4,11.3,32.6,43.9,25.4,7.1,5.6,14.4,20.4,111.5,42.5,88.0,30.5,55.7,12.0,32.3,17.9,22.5,10.2,33.0,43.1,25.1,8.1,4.9,13.3,19.2,114.9
325,2019-20,WAS,25,72,25,47,.347,241.0,41.5,90.9,29.5,58.3,12.0,32.6,19.4,24.6,10.2,31.9,42.0,25.0,8.0,4.3,14.2,22.7,114.4,43.1,88.4,30.7,55.2,12.4,33.1,20.4,26.3,10.5,35.7,46.2,25.2,7.5,5.0,16.2,22.2,119.1
326,2017-18,ORL,25,82,25,57,.305,240.6,38.8,85.9,28.5,56.5,10.3,29.3,15.5,20.5,8.8,32.8,41.6,23.4,7.6,4.9,14.5,19.3,103.4,40.9,87.5,30.9,60.0,10.0,27.6,16.4,21.2,10.6,35.3,45.9,24.4,7.8,4.9,14.2,19.0,108.2
327,2014-15,ORL,25,82,25,57,.305,240.9,37.5,82.8,30.8,63.3,6.8,19.5,13.9,19.1,10.0,31.8,41.8,20.6,7.9,3.8,14.9,20.9,95.7,38.0,82.0,29.6,59.4,8.3,22.6,17.2,22.9,10.1,33.4,43.5,23.4,7.7,5.4,14.5,17.9,101.4
328,2013-14,BOS,25,82,25,57,.305,240.6,36.5,83.9,29.5,62.9,7.0,21.1,16.2,20.8,12.0,30.5,42.5,21.0,7.1,4.2,15.4,21.3,96.2,37.8,81.4,31.2,62.5,6.6,18.9,18.5,24.3,10.6,31.7,42.3,22.1,7.4,4.5,14.2,19.1,100.7
329,2013-14,UTA,25,82,25,57,.305,241.2,36.0,81.1,29.4,61.9,6.6,19.2,16.4,22.0,11.0,30.2,41.2,20.3,7.0,4.5,14.6,20.7,95.0,38.3,81.0,31.0,61.6,7.3,19.4,18.3,23.7,10.3,32.2,42.5,21.8,7.5,4.9,12.6,20.4,102.2
330,2012-13,PHO,25,82,25,57,.305,241.5,37.3,84.4,31.5,66.6,5.9,17.7,14.7,19.7,11.7,29.9,41.6,22.6,8.0,5.3,15.6,20.6,95.2,38.8,82.6,31.9,64.7,6.9,17.9,17.1,22.6,11.7,31.7,43.4,22.8,8.3,5.1,15.3,18.4,101.6
331,2011-12,DET,25,66,25,41,.379,241.9,34.7,79.3,29.9,65.4,4.8,13.9,16.6,22.1,11.7,28.5,40.3,18.7,7.0,4.2,15.7,19.6,90.9,36.0,78.0,30.0,61.1,6.0,16.9,17.6,23.0,10.7,30.1,40.7,22.5,8.5,5.3,14.5,19.4,95.7
332,2021-22,OKC,24,82,24,58,.293,241.5,38.3,89.1,26.2,51.8,12.1,37.4,15.0,19.9,10.4,35.2,45.6,22.2,7.6,4.6,14.0,18.3,103.7,41.4,90.5,27.8,51.8,13.6,38.7,15.3,19.9,11.0,37.3,48.4,26.1,8.5,6.0,13.2,17.8,111.8
333,2017-18,ATL,24,82,24,58,.293,240.3,38.2,85.5,27.0,54.5,11.2,31.0,15.8,20.2,9.1,32.8,41.9,23.7,7.8,4.2,15.6,19.6,103.4,40.7,86.7,29.1,56.0,11.6,30.7,15.9,20.6,10.3,34.0,44.2,26.1,8.7,5.5,15.1,20.3,108.8
334,2017-18,DAL,24,82,24,58,.293,241.5,38.1,85.9,26.4,53.1,11.8,32.8,14.2,18.7,8.1,33.1,41.3,22.7,7.0,3.8,12.3,19.2,102.3,39.3,83.8,28.6,54.4,10.7,29.4,16.2,21.4,8.8,36.9,45.8,23.5,7.2,4.5,13.7,19.6,105.4
335,2016-17,PHO,24,82,24,58,.293,241.8,39.9,88.5,32.4,65.9,7.5,22.6,20.4,26.3,11.9,33.1,45.0,19.6,8.2,4.9,15.4,24.8,107.7,40.2,86.2,30.2,59.9,10.1,26.3,22.8,29.1,10.2,33.8,44.0,22.2,8.1,5.3,14.9,22.2,113.3
336,2012-13,CLE,24,82,24,58,.293,240.6,36.5,84.2,29.8,64.9,6.7,19.3,16.8,22.3,12.2,28.8,41.0,20.7,7.9,4.1,14.0,21.2,96.5,37.9,79.6,30.5,59.6,7.4,20.0,17.9,24.2,10.8,31.3,42.1,23.9,7.6,6.8,15.2,19.7,101.2
337,2010-11,NJN,24,82,24,58,.293,244.0,35.6,81.0,30.0,64.6,5.6,16.3,17.4,22.9,11.1,29.8,40.8,21.0,5.6,4.7,14.0,22.0,94.2,37.4,80.5,31.2,63.5,6.2,17.0,19.4,25.8,10.4,31.4,41.8,22.2,6.8,4.6,12.3,20.0,100.4
338,2010-11,SAC,24,82,24,58,.293,242.1,38.2,85.1,33.0,69.5,5.2,15.6,17.7,24.2,13.1,30.8,43.9,20.4,7.4,4.8,16.1,22.0,99.4,39.8,83.2,33.9,66.7,5.9,16.5,19.4,25.4,10.6,30.6,41.2,21.7,8.1,5.7,14.7,21.0,104.7
339,2021-22,DET,23,82,23,59,.280,241.2,38.2,88.6,26.9,54.0,11.3,34.6,17.2,22.0,11.0,32.0,43.0,23.5,7.7,4.8,14.2,21.9,104.8,40.6,86.0,28.9,53.5,11.8,32.5,19.5,25.1,10.3,35.9,46.3,25.1,7.4,5.2,14.6,19.8,112.5
340,2020-21,MIN,23,72,23,49,.319,241.7,40.7,90.9,27.6,53.3,13.1,37.6,17.6,23.1,10.5,33.0,43.5,25.6,8.8,5.5,14.3,20.9,112.1,43.0,89.3,29.9,55.8,13.1,33.5,18.5,23.5,10.0,35.8,45.8,26.8,7.6,5.5,15.3,19.9,117.7
341,2019-20,CHO,23,65,23,42,.354,242.3,37.3,85.9,25.2,51.6,12.1,34.3,16.2,21.6,11.0,31.8,42.8,23.8,6.6,4.1,14.6,18.8,102.9,41.7,87.5,29.3,52.5,12.4,35.1,14.0,18.4,10.9,35.0,46.0,26.6,8.0,5.0,14.4,20.6,109.6
342,2015-16,PHO,23,82,23,59,.280,240.3,37.2,85.6,28.2,59.8,9.0,25.8,17.5,23.2,11.5,33.3,44.8,20.7,7.7,3.8,17.2,22.7,100.9,39.1,83.8,29.7,58.9,9.4,24.9,19.9,26.5,9.9,33.8,43.7,22.4,9.5,5.5,14.9,21.6,107.5
343,2013-14,ORL,23,82,23,59,.280,243.4,36.9,82.7,30.0,63.3,6.9,19.5,15.9,20.9,9.7,32.4,42.0,21.0,7.7,4.3,14.9,20.5,96.5,38.1,83.7,30.1,62.0,8.0,21.7,17.7,22.9,10.5,33.5,44.0,22.5,7.1,5.4,14.0,18.3,102.0
344,2011-12,GSW,23,66,23,43,.348,241.1,37.7,82.5,29.8,62.0,7.9,20.5,14.4,18.7,9.7,29.5,39.2,22.3,8.0,5.5,13.9,21.4,97.8,37.3,82.3,30.2,62.9,7.1,19.4,19.5,26.1,13.2,32.7,45.8,23.1,7.6,5.0,14.8,16.6,101.2
345,2011-12,TOR,23,66,23,43,.348,241.9,34.4,78.1,28.8,61.8,5.5,16.3,16.4,21.4,10.6,31.4,42.0,20.9,6.5,4.9,15.2,23.2,90.7,33.8,77.7,27.8,59.2,6.1,18.5,20.2,27.2,10.3,30.3,40.5,20.1,7.2,4.9,13.2,18.4,94.0
346,2010-11,WAS,23,82,23,59,.280,243.0,37.2,84.0,32.4,69.6,4.8,14.4,18.2,24.4,12.4,29.0,41.3,19.4,8.1,6.1,15.3,22.6,97.3,38.7,82.2,31.9,63.9,6.8,18.3,20.4,26.9,12.1,31.8,43.9,23.1,7.6,5.0,15.8,20.3,104.7
347,2022-23,HOU,22,82,22,60,.268,240.9,40.6,88.9,30.2,56.9,10.4,31.9,19.1,25.3,13.4,32.9,46.3,22.4,7.3,4.6,16.2,20.5,110.7,42.4,88.1,27.9,49.3,14.5,38.8,19.2,24.2,10.5,31.0,41.5,26.1,8.8,6.2,13.2,20.6,118.6
348,2022-23,SAS,22,82,22,60,.268,242.1,43.1,92.6,32.0,60.4,11.1,32.2,15.8,21.2,11.8,31.9,43.7,27.2,7.0,3.9,15.3,19.9,113.0,46.1,91.0,33.5,58.6,12.6,32.3,18.2,23.7,10.7,34.3,45.0,26.8,8.1,5.3,13.8,18.5,123.1
349,2021-22,ORL,22,82,22,60,.268,241.2,38.3,88.3,26.1,51.4,12.2,36.9,15.5,19.7,9.1,35.2,44.3,23.7,6.8,4.5,14.5,19.7,104.2,40.8,89.0,27.6,52.7,13.2,36.3,17.4,22.6,10.4,36.8,47.1,24.8,8.0,5.2,13.2,18.3,112.2
350,2020-21,CLE,22,72,22,50,.306,242.1,38.6,85.8,28.6,56.0,10.0,29.7,16.7,22.4,10.4,32.3,42.8,23.8,7.8,4.5,15.5,18.2,103.8,42.0,86.7,29.6,54.3,12.4,32.4,15.9,20.4,9.9,33.8,43.7,25.4,8.5,5.9,14.3,20.2,112.3
351,2020-21,OKC,22,72,22,50,.306,241.0,38.8,88.0,26.9,52.9,11.9,35.1,15.5,21.3,9.9,35.7,45.6,22.1,7.0,4.4,16.1,18.1,105.0,43.4,91.7,29.8,54.4,13.6,37.3,15.3,19.8,10.1,37.0,47.1,25.8,9.0,5.3,13.1,18.6,115.6
352,2019-20,CHI,22,65,22,43,.338,241.2,39.6,88.6,27.4,53.5,12.2,35.1,15.5,20.5,10.5,31.4,41.9,23.2,10.0,4.1,15.5,21.8,106.8,39.5,82.5,28.3,50.9,11.2,31.6,19.7,26.0,10.2,35.4,45.5,25.4,8.2,5.9,18.3,19.2,109.9
353,2018-19,CHI,22,82,22,60,.268,242.7,39.8,87.9,30.7,62.0,9.1,25.9,16.2,20.7,8.8,34.1,42.9,21.9,7.4,4.3,14.1,20.3,104.9,42.2,89.2,30.2,56.2,12.1,33.0,16.8,22.0,10.0,36.4,46.4,25.5,7.3,5.8,13.3,18.7,113.4
354,2017-18,MEM,22,82,22,60,.268,240.3,36.7,82.8,27.5,56.5,9.2,26.2,16.6,21.1,9.5,31.0,40.5,21.5,7.5,4.8,15.0,23.2,99.3,37.1,80.3,26.5,51.3,10.7,29.0,20.6,26.8,9.5,33.0,42.5,22.1,8.1,5.1,14.8,20.4,105.5
355,2011-12,NJN,22,66,22,44,.333,240.8,34.3,80.6,26.6,58.2,7.7,22.4,16.9,21.7,11.9,28.5,40.3,19.9,7.5,3.9,15.1,19.2,93.1,37.9,80.2,31.4,62.8,6.5,17.4,16.8,22.6,11.8,30.8,42.6,23.3,8.0,5.0,14.3,19.3,99.1
356,2011-12,SAC,22,66,22,44,.333,241.1,37.7,86.5,31.5,66.8,6.2,19.7,17.1,23.2,13.4,29.5,42.9,19.3,8.5,4.9,14.4,19.5,98.8,40.4,85.0,33.8,66.3,6.7,18.7,16.9,22.2,12.3,32.6,45.0,23.8,7.8,6.4,15.4,19.9,104.4
357,2010-11,TOR,22,82,22,60,.268,241.2,38.3,82.4,34.1,69.1,4.2,13.3,18.2,24.1,11.7,28.6,40.3,21.9,7.1,4.3,14.7,22.0,99.1,39.2,81.3,32.6,63.8,6.6,17.5,20.4,26.5,11.1,30.0,41.1,22.6,7.6,5.6,13.9,19.8,105.4
358,2020-21,ORL,21,72,21,51,.292,240.7,38.3,89.2,27.4,57.4,10.9,31.8,16.6,21.4,10.4,35.1,45.4,21.8,6.9,4.4,12.8,17.2,104.0,42.2,89.7,28.5,52.9,13.7,36.8,15.2,19.3,9.8,37.6,47.4,26.0,7.6,5.3,12.7,18.7,113.3
359,2019-20,NYK,21,66,21,45,.318,241.9,40.0,89.3,30.4,61.0,9.6,28.4,16.3,23.5,12.0,34.5,46.5,22.1,7.6,4.7,14.3,22.2,105.8,39.9,86.0,26.6,51.1,13.3,34.9,19.2,25.7,9.6,34.6,44.2,24.3,7.2,5.0,13.7,19.8,112.3
360,2017-18,PHO,21,82,21,61,.256,240.3,38.5,87.1,29.1,59.2,9.3,27.9,17.7,23.9,10.3,33.9,44.1,21.3,6.9,4.5,15.7,22.0,103.9,41.8,88.7,30.9,59.5,10.9,29.2,18.8,24.6,10.4,35.4,45.9,23.3,8.7,6.0,13.4,20.9,113.3
361,2015-16,BRK,21,82,21,61,.256,240.9,38.2,84.4,31.8,66.0,6.5,18.4,15.7,20.7,10.5,31.9,42.4,22.3,7.6,4.0,14.8,18.0,98.6,40.8,85.2,31.3,59.6,9.5,25.6,15.0,19.6,10.2,33.2,43.4,24.5,8.8,5.2,14.2,18.4,106.0
362,2014-15,LAL,21,82,21,61,.256,243.0,37.2,85.6,30.8,66.8,6.5,18.9,17.5,23.6,11.6,32.3,43.9,20.9,7.0,4.5,13.2,21.2,98.5,38.8,83.1,30.3,59.7,8.5,23.4,19.2,25.8,10.0,34.1,44.2,24.0,7.5,4.8,13.0,19.4,105.3
363,2012-13,CHA,21,82,21,61,.256,241.5,34.4,81.1,28.7,64.0,5.7,17.1,18.9,25.1,11.2,29.1,40.3,19.4,7.2,5.8,14.1,19.0,93.4,38.8,82.5,30.1,59.9,8.7,22.5,16.2,21.8,11.8,32.3,44.1,25.3,6.9,6.9,14.0,21.3,102.7
364,2011-12,CLE,21,66,21,45,.318,241.9,34.3,81.2,27.6,61.9,6.7,19.3,17.8,24.9,12.7,29.5,42.3,19.8,7.1,4.0,15.4,20.0,93.0,38.4,82.3,31.6,63.6,6.8,18.7,16.6,22.2,11.4,31.4,42.8,23.1,7.9,6.2,13.9,20.9,100.2
365,2011-12,NOH,21,66,21,45,.318,241.5,34.8,77.3,30.9,65.5,3.9,11.8,16.0,21.2,11.0,30.2,41.1,20.7,7.4,4.8,15.5,20.1,89.6,34.9,78.6,28.5,58.3,6.4,20.3,17.1,22.5,11.1,28.9,40.0,20.9,7.9,5.8,13.9,18.7,93.4
366,2021-22,HOU,20,82,20,62,.244,240.9,39.4,86.4,25.9,47.7,13.5,38.7,17.5,24.5,9.6,32.4,42.0,23.6,7.3,4.7,16.5,20.6,109.7,43.4,89.9,30.7,53.8,12.8,36.2,18.5,23.7,11.2,34.5,45.7,25.6,9.5,5.8,14.1,22.1,118.2
367,2020-21,DET,20,72,20,52,.278,242.1,38.7,85.6,27.1,52.7,11.6,32.9,17.8,23.4,9.6,33.1,42.7,24.2,7.4,5.2,14.9,20.5,106.6,41.4,86.9,30.0,55.6,11.3,31.4,17.0,22.3,10.0,34.4,44.3,24.8,8.0,5.8,13.9,20.4,111.1
368,2019-20,ATL,20,67,20,47,.299,243.0,40.6,90.6,28.6,54.5,12.0,36.1,18.5,23.4,9.9,33.4,43.3,24.0,7.8,5.1,16.2,23.1,111.8,43.3,90.7,31.4,58.0,11.9,32.7,21.2,27.4,11.2,35.9,47.0,25.0,9.0,6.4,15.0,21.0,119.7
369,2019-20,DET,20,66,20,46,.303,241.9,39.3,85.7,27.3,53.0,12.0,32.7,16.6,22.4,9.8,32.0,41.7,24.1,7.4,4.5,15.3,19.7,107.2,41.9,87.3,31.3,57.8,10.7,29.6,16.2,20.9,10.1,33.4,43.5,24.6,8.2,5.6,14.0,19.8,110.8
370,2016-17,BRK,20,82,20,62,.244,240.9,37.8,85.2,27.1,53.6,10.7,31.6,19.4,24.6,8.8,35.1,43.9,21.4,7.2,4.7,16.5,21.0,105.8,41.6,90.8,31.7,63.6,10.0,27.2,19.3,25.0,11.0,36.2,47.2,23.0,9.5,5.6,13.3,20.4,112.5
371,2012-13,ORL,20,82,20,62,.244,241.2,37.7,84.2,31.5,65.5,6.2,18.7,12.5,16.6,10.9,31.9,42.7,22.8,6.4,4.4,14.5,19.4,94.1,38.6,83.4,31.1,62.5,7.5,21.0,16.3,22.1,10.8,31.9,42.8,23.7,7.2,5.2,12.4,16.5,101.1
372,2011-12,WAS,20,66,20,46,.303,240.4,36.6,83.0,31.4,66.7,5.2,16.3,15.3,21.0,11.7,29.9,41.7,19.1,8.0,6.3,15.3,21.3,93.6,36.7,81.1,30.2,62.7,6.5,18.4,18.6,24.5,12.3,31.2,43.5,21.5,7.9,4.5,15.2,18.7,98.4
373,2019-20,CLE,19,65,19,46,.292,241.9,40.3,87.9,29.1,56.1,11.2,31.8,15.1,19.9,10.8,33.4,44.2,23.1,6.9,3.2,16.5,18.3,106.9,43.9,89.4,31.5,56.4,12.4,33.0,14.7,19.2,9.7,33.1,42.9,26.1,9.4,6.3,13.0,19.6,114.8
374,2019-20,MIN,19,64,19,45,.297,243.1,40.4,91.6,27.1,52.0,13.3,39.7,19.1,25.4,10.5,34.3,44.8,23.8,8.7,5.7,15.3,21.4,113.3,43.1,90.4,31.6,58.5,11.6,31.9,19.7,25.2,10.1,37.2,47.3,24.4,7.8,5.5,15.5,21.6,117.5
375,2018-19,CLE,19,82,19,63,.232,240.9,38.9,87.6,28.6,58.5,10.3,29.1,16.4,20.7,10.7,31.9,42.7,20.7,6.5,2.4,13.5,20.0,104.5,43.2,87.2,31.2,55.6,12.0,31.6,15.8,20.5,9.5,34.6,44.1,25.7,6.9,5.6,12.5,19.4,114.1
376,2018-19,PHO,19,82,19,63,.232,242.4,40.1,87.4,30.5,58.1,9.6,29.3,17.6,22.7,9.1,31.3,40.4,23.9,9.0,5.1,15.6,23.6,107.5,42.5,88.2,31.3,58.2,11.1,29.9,20.8,27.6,11.8,35.3,47.2,25.9,9.0,5.0,15.7,20.7,116.8
377,2013-14,PHI,19,82,19,63,.232,242.1,37.9,87.2,30.9,64.7,7.0,22.5,16.6,23.4,11.6,31.2,42.7,21.8,9.3,4.0,16.9,22.5,99.5,40.0,85.1,31.0,60.7,9.0,24.4,20.8,27.6,11.9,35.0,46.9,26.1,9.0,6.8,17.0,20.6,109.9
378,2010-11,CLE,19,82,19,63,.232,240.9,35.2,81.1,29.0,62.9,6.2,18.2,18.9,25.3,10.4,29.9,40.3,21.0,6.6,4.2,14.2,20.1,95.5,39.4,83.0,31.3,63.3,8.1,19.7,17.5,23.1,10.9,32.6,43.5,24.2,7.5,6.0,13.5,21.3,104.5
379,2014-15,PHI,18,82,18,64,.220,241.5,33.7,82.6,25.3,56.3,8.4,26.3,16.1,23.8,11.9,30.9,42.9,20.5,9.6,5.9,17.7,21.7,92.0,37.1,82.7,29.1,59.8,8.0,22.9,18.7,24.7,11.5,34.8,46.3,23.7,9.5,5.5,16.8,20.2,101.0
380,2022-23,DET,17,82,17,65,.207,241.5,39.6,87.1,28.2,54.6,11.4,32.4,19.8,25.7,11.2,31.3,42.4,23.0,7.0,3.8,15.1,22.1,110.3,43.1,88.1,31.1,54.8,12.0,33.3,20.4,26.2,11.0,33.7,44.7,25.8,7.7,5.5,13.5,21.0,118.5
381,2020-21,HOU,17,72,17,55,.236,240.3,39.3,88.5,25.5,47.9,13.8,40.6,16.5,22.3,9.3,33.3,42.6,23.6,7.6,5.0,14.7,19.5,108.8,42.7,89.0,29.3,53.9,13.4,35.2,17.9,22.8,9.9,37.7,47.6,25.8,8.5,5.3,14.7,19.3,116.7
382,2018-19,NYK,17,82,17,65,.207,241.2,38.2,88.3,28.2,58.8,10.0,29.5,18.1,23.9,10.5,34.3,44.7,20.1,6.8,5.1,14.0,20.9,104.6,41.9,89.7,30.1,57.1,11.8,32.6,18.2,23.8,10.7,36.8,47.5,25.6,7.4,5.6,13.2,20.8,113.8
383,2015-16,LAL,17,82,17,65,.207,240.6,35.1,84.8,27.3,60.2,7.8,24.6,19.3,24.7,10.7,32.3,43.0,18.0,7.2,4.1,13.7,20.3,97.3,40.5,85.6,32.0,61.1,8.5,24.6,17.3,23.7,10.9,35.5,46.5,24.7,7.5,5.6,12.6,19.2,106.9
384,2014-15,NYK,17,82,17,65,.207,242.1,35.1,82.0,28.3,62.3,6.8,19.7,14.8,19.2,10.6,29.8,40.4,21.3,7.0,4.7,14.7,21.6,91.9,37.0,80.4,28.5,58.1,8.5,22.3,18.8,24.8,11.0,32.5,43.5,21.7,8.0,4.3,14.1,19.1,101.2
385,2010-11,MIN,17,82,17,65,.207,241.2,37.7,85.5,30.5,66.5,7.2,19.1,18.5,24.1,13.2,31.2,44.4,20.1,7.2,5.1,17.0,22.3,101.1,39.4,84.2,31.6,63.4,7.8,20.8,21.1,27.2,11.1,31.4,42.6,24.8,9.5,5.5,14.4,20.9,107.7
386,2014-15,MIN,16,82,16,66,.195,241.5,36.4,83.2,31.5,68.3,5.0,14.9,20.0,25.7,11.6,29.3,40.9,21.6,8.1,4.0,15.0,19.2,97.8,41.1,84.5,32.6,61.4,8.5,23.1,15.8,20.8,11.6,31.9,43.6,23.6,8.4,5.5,15.2,21.4,106.5
387,2019-20,GSW,15,65,15,50,.231,241.9,38.6,88.2,28.2,56.9,10.4,31.3,18.7,23.2,10.0,32.9,42.8,25.6,8.2,4.6,14.9,20.1,106.3,42.2,88.6,28.7,53.8,13.5,34.8,17.1,21.9,10.2,36.3,46.5,26.1,8.2,4.9,15.6,20.1,115.0
388,2013-14,MIL,15,82,15,67,.183,242.4,36.0,82.2,29.3,63.2,6.7,18.9,16.8,22.5,11.8,29.3,41.1,21.5,6.6,4.9,15.1,20.9,95.5,38.4,82.0,29.9,59.7,8.5,22.3,18.4,24.5,11.7,31.8,43.5,22.8,7.8,5.0,14.1,20.6,103.7
389,2015-16,PHI,10,82,10,72,.122,241.5,36.2,84.0,26.9,56.5,9.3,27.5,15.7,22.6,9.5,31.8,41.2,21.5,8.3,6.0,16.4,21.7,97.4,39.7,85.4,31.9,63.8,7.8,21.7,20.5,26.1,11.1,36.4,47.6,23.4,8.7,5.7,15.1,19.2,107.6
390,2011-12,CHA,7,66,7,59,.106,240.8,33.2,80.2,29.2,66.7,4.0,13.5,16.5,22.2,10.3,28.7,39.0,20.1,6.0,5.5,14.5,18.9,87.0,38.9,82.0,32.8,64.7,6.2,17.3,16.9,22.5,11.8,33.2,45.0,23.3,7.6,5.7,13.5,20.3,100.9