Rk,Season,Team,W,G,W,L,W/L%,MOV,SOS,SRS,Pace,ORtg,DRtg,eFG%,TS%,TOV%,ORB%,FTr,eFG%,TS%,TOV%,ORB%,FTr
1,2015-16,GSW,73,82,73,9,.890,10.76,-0.38,10.38,99.3,114.5,103.8,.563,.593,13.5,23.5,.250,.479,.520,12.6,24.0,.275
2,2016-17,GSW,67,82,67,15,.817,11.63,-0.28,11.35,99.8,115.6,104.0,.563,.597,13.2,22.8,.259,.486,.525,13.5,25.1,.261
3,2015-16,SAS,67,82,67,15,.817,10.63,-0.36,10.28,93.8,110.3,99.0,.526,.564,12.4,23.0,.246,.477,.513,14.1,20.9,.240
4,2014-15,GSW,67,82,67,15,.817,10.10,-0.09,10.01,98.3,111.6,101.4,.540,.571,13.1,24.1,.239,.470,.514,14.3,25.5,.284
5,2012-13,MIA,66,82,66,16,.805,7.87,-0.84,7.03,90.7,112.3,103.7,.552,.588,13.7,22.2,.297,.487,.527,14.8,27.0,.262
6,2017-18,HOU,65,82,65,17,.793,8.48,-0.27,8.21,97.6,114.7,106.1,.551,.590,12.7,21.3,.298,.521,.551,13.4,20.1,.229
7,2021-22,PHO,64,82,64,18,.780,7.50,-0.56,6.94,99.8,114.8,107.3,.549,.581,11.6,22.3,.221,.510,.546,13.0,22.9,.257
8,2013-14,SAS,62,82,62,20,.756,7.72,0.28,8.00,95.0,110.5,102.4,.537,.571,13.5,22.7,.240,.482,.519,12.8,23.6,.242
9,2010-11,CHI,62,82,62,20,.756,7.32,-0.79,6.53,90.4,108.3,100.3,.501,.541,13.5,29.4,.305,.463,.509,13.6,23.8,.291
10,2016-17,SAS,61,82,61,21,.744,7.20,-0.06,7.13,94.2,111.1,103.5,.524,.564,12.6,24.0,.263,.492,.530,13.5,22.4,.249
11,2010-11,SAS,61,82,61,21,.744,5.71,0.16,5.86,92.3,111.8,105.6,.527,.567,12.8,24.9,.299,.491,.528,12.6,25.4,.248
12,2018-19,MIL,60,82,60,22,.732,8.87,-0.82,8.04,103.3,113.8,105.2,.550,.583,12.0,20.8,.255,.503,.532,11.5,19.7,.221
13,2014-15,ATL,60,82,60,22,.732,5.43,-0.68,4.75,93.9,108.9,103.1,.527,.563,13.5,21.4,.259,.492,.528,14.9,26.6,.242
14,2012-13,OKC,60,82,60,22,.732,9.21,-0.06,9.15,93.3,112.4,102.6,.527,.580,14.4,26.7,.338,.469,.510,13.5,26.6,.254
15,2017-18,TOR,59,82,59,23,.720,7.78,-0.49,7.29,97.4,113.8,105.9,.539,.575,12.1,23.0,.250,.501,.541,13.0,22.3,.277
16,2013-14,OKC,59,82,59,23,.720,6.34,0.32,6.66,95.4,110.5,103.9,.520,.566,14.0,26.5,.303,.488,.528,13.9,24.4,.304
17,2022-23,MIL,58,82,58,24,.707,3.63,-0.02,3.61,100.5,115.4,111.9,.555,.583,12.7,25.0,.248,.520,.553,10.4,22.2,.225
18,2018-19,TOR,58,82,58,24,.707,6.09,-0.60,5.49,100.2,113.1,107.1,.543,.579,12.4,21.9,.247,.509,.545,13.1,22.9,.249
19,2017-18,GSW,58,82,58,24,.707,5.98,-0.19,5.79,99.6,113.6,107.6,.569,.603,14.1,21.0,.239,.504,.539,12.6,23.7,.245
20,2012-13,SAS,58,82,58,24,.707,6.40,0.27,6.67,94.2,108.3,101.6,.531,.568,14.0,20.5,.258,.480,.516,13.7,25.1,.235
21,2010-11,MIA,58,82,58,24,.707,7.46,-0.71,6.76,90.9,111.7,103.5,.524,.573,13.5,25.2,.363,.475,.518,12.6,24.5,.299
22,2022-23,BOS,57,82,57,25,.695,6.52,-0.15,6.38,98.5,118.0,111.5,.566,.600,12.0,22.1,.243,.528,.560,11.3,21.5,.234
23,2018-19,GSW,57,82,57,25,.695,6.46,-0.04,6.42,100.9,115.9,109.5,.565,.596,12.6,22.5,.227,.508,.546,11.7,22.9,.266
24,2015-16,CLE,57,82,57,25,.695,6.00,-0.55,5.45,93.3,110.9,104.5,.524,.558,12.7,25.1,.259,.496,.534,12.6,21.5,.275
25,2013-14,LAC,57,82,57,25,.695,6.98,0.30,7.27,95.9,112.1,104.8,.526,.567,12.7,25.0,.353,.484,.527,13.8,27.5,.294
26,2012-13,DEN,57,82,57,25,.695,5.09,0.28,5.37,95.1,110.4,105.1,.515,.549,13.6,31.4,.308,.493,.528,14.3,28.2,.264
27,2010-11,DAL,57,82,57,25,.695,4.23,0.18,4.41,91.3,109.7,105.0,.525,.565,13.6,24.1,.286,.488,.528,13.0,25.2,.275
28,2010-11,LAL,57,82,57,25,.695,6.11,-0.10,6.01,90.7,111.0,104.3,.502,.545,12.3,29.2,.293,.477,.514,12.8,27.7,.236
29,2021-22,MEM,56,82,56,26,.683,5.68,-0.32,5.37,100.3,114.6,109.0,.522,.553,11.2,30.0,.245,.523,.558,13.3,22.2,.253
30,2019-20,MIL,56,73,56,17,.767,10.08,-0.67,9.41,105.1,112.4,102.9,.552,.583,12.9,20.7,.271,.489,.525,12.0,18.4,.226
31,2015-16,TOR,56,82,56,26,.683,4.50,-0.42,4.08,92.9,110.0,105.2,.504,.552,12.3,24.6,.328,.498,.535,12.7,22.3,.269
32,2014-15,HOU,56,82,56,26,.683,3.44,0.38,3.82,96.5,107.0,103.4,.512,.548,15.0,26.8,.312,.486,.526,14.6,27.1,.277
33,2014-15,LAC,56,82,56,26,.683,6.59,0.22,6.80,94.7,112.4,105.5,.533,.565,11.6,22.8,.303,.493,.535,13.2,24.3,.312
34,2013-14,IND,56,82,56,26,.683,4.40,-0.77,3.63,92.5,104.1,99.3,.490,.535,14.3,24.9,.290,.460,.501,12.9,23.2,.261
35,2012-13,LAC,56,82,56,26,.683,6.45,-0.02,6.43,91.1,110.6,103.6,.526,.557,13.9,28.8,.286,.492,.535,15.4,26.5,.306
36,2012-13,MEM,56,82,56,26,.683,4.15,0.18,4.32,88.4,104.9,100.3,.472,.514,13.3,31.0,.261,.475,.516,15.2,25.7,.279
37,2010-11,BOS,56,82,56,26,.683,5.37,-0.54,4.83,90.4,106.2,100.3,.519,.561,14.5,21.1,.305,.469,.516,14.8,25.3,.310
38,2017-18,BOS,55,82,55,27,.671,3.59,-0.35,3.23,96.0,107.6,103.9,.518,.552,13.0,21.5,.243,.495,.532,13.0,21.6,.251
39,2016-17,HOU,55,82,55,27,.671,5.77,0.08,5.84,100.0,114.7,109.0,.545,.583,13.3,24.6,.304,.519,.556,13.2,24.2,.250
40,2015-16,OKC,55,82,55,27,.671,7.28,-0.19,7.09,96.7,113.1,105.6,.524,.565,14.0,31.1,.292,.484,.524,11.7,24.0,.271
41,2014-15,MEM,55,82,55,27,.671,3.24,0.38,3.62,92.0,105.7,102.2,.489,.531,12.6,24.7,.276,.492,.526,14.5,24.7,.247
42,2014-15,SAS,55,82,55,27,.671,6.20,0.14,6.34,93.8,108.5,102.0,.517,.555,13.1,23.4,.256,.484,.521,13.3,22.7,.256
43,2010-11,OKC,55,82,55,27,.671,3.79,0.02,3.81,92.7,111.2,107.2,.501,.561,13.1,27.4,.363,.493,.535,12.9,26.4,.307
44,2022-23,PHI,54,82,54,28,.659,4.32,0.06,4.37,96.9,117.7,113.3,.563,.608,12.6,21.6,.300,.541,.579,13.0,22.8,.277
45,2018-19,DEN,54,82,54,28,.659,3.95,0.24,4.19,97.7,113.0,108.9,.527,.558,11.9,26.6,.232,.521,.555,12.3,22.0,.257
46,2013-14,HOU,54,82,54,28,.659,4.56,0.50,5.06,96.3,111.0,106.3,.531,.571,14.6,27.4,.386,.489,.527,12.5,25.9,.255
47,2013-14,MIA,54,82,54,28,.659,4.76,-0.61,4.15,91.2,110.9,105.8,.554,.590,14.6,20.6,.300,.511,.549,15.8,27.0,.283
48,2013-14,POR,54,82,54,28,.659,3.99,0.45,4.44,94.9,111.5,107.4,.504,.548,12.4,28.0,.270,.488,.526,11.0,25.3,.253
49,2012-13,NYK,54,82,54,28,.659,4.23,-0.50,3.73,89.8,111.1,106.3,.515,.550,11.7,25.6,.258,.508,.548,14.8,25.3,.286
50,2022-23,DEN,53,82,53,29,.646,3.33,-0.29,3.04,98.1,117.6,114.2,.573,.601,13.1,24.8,.259,.543,.577,12.2,23.6,.260
51,2021-22,GSW,53,82,53,29,.646,5.54,-0.02,5.52,98.4,112.5,106.9,.552,.582,13.5,22.8,.235,.509,.546,13.0,21.3,.265
52,2021-22,MIA,53,82,53,29,.646,4.45,-0.22,4.23,95.9,113.7,109.1,.547,.584,13.4,23.5,.252,.524,.562,13.8,22.0,.268
53,2019-20,TOR,53,72,53,19,.736,6.24,-0.26,5.97,100.9,111.1,105.0,.536,.574,13.1,21.3,.264,.502,.541,14.6,23.3,.263
54,2018-19,POR,53,82,53,29,.646,4.20,0.24,4.43,99.1,114.7,110.5,.528,.568,12.1,26.6,.258,.516,.552,11.0,22.1,.253
55,2018-19,HOU,53,82,53,29,.646,4.77,0.19,4.96,97.9,115.5,110.7,.542,.581,12.0,22.8,.279,.525,.562,13.4,25.6,.274
56,2016-17,BOS,53,82,53,29,.646,2.63,-0.39,2.25,96.8,111.2,108.4,.525,.567,12.2,21.2,.273,.503,.545,12.6,24.7,.290
57,2015-16,LAC,53,82,53,29,.646,4.28,-0.15,4.13,95.8,108.3,103.8,.524,.556,12.1,20.1,.318,.480,.523,13.8,26.2,.296
58,2014-15,CLE,53,82,53,29,.646,4.48,-0.40,4.08,92.3,111.1,106.3,.520,.557,13.4,26.8,.287,.502,.535,12.6,25.3,.238
59,2021-22,DAL,52,82,52,30,.634,3.30,-0.18,3.12,95.4,112.8,109.4,.538,.572,11.7,21.3,.249,.521,.554,12.2,22.0,.241
60,2020-21,UTA,52,72,52,20,.722,9.25,-0.29,8.97,98.5,117.6,108.3,.563,.597,12.7,24.5,.244,.507,.537,10.3,20.7,.207
61,2019-20,LAL,52,71,52,19,.732,5.79,0.49,6.28,100.9,112.0,106.3,.542,.573,13.3,24.5,.276,.515,.554,14.1,21.2,.263
62,2017-18,PHI,52,82,52,30,.634,4.50,-0.20,4.30,99.8,109.5,105.0,.535,.568,14.6,25.3,.263,.492,.532,12.6,21.4,.293
63,2010-11,ORL,52,82,52,30,.634,5.46,-0.54,4.92,91.2,107.9,102.0,.521,.554,14.3,26.1,.328,.475,.518,13.3,23.1,.295
64,2022-23,CLE,51,82,51,31,.622,5.38,-0.15,5.23,95.7,116.1,110.6,.556,.590,12.3,23.6,.264,.535,.572,14.4,23.7,.268
65,2022-23,MEM,51,82,51,31,.622,3.94,-0.34,3.60,101.1,115.1,111.2,.540,.570,11.7,26.5,.259,.526,.564,13.1,24.1,.262
66,2021-22,BOS,51,82,51,31,.622,7.28,-0.26,7.02,96.6,114.4,106.9,.542,.578,12.4,24.0,.239,.502,.538,12.5,22.7,.234
67,2021-22,PHI,51,82,51,31,.622,2.61,-0.04,2.57,96.2,113.5,110.8,.534,.578,11.6,20.1,.282,.524,.559,12.1,23.2,.250
68,2021-22,MIL,51,82,51,31,.622,3.35,-0.14,3.22,99.9,115.1,111.8,.546,.580,11.9,23.0,.257,.536,.564,11.6,21.4,.220
69,2020-21,PHO,51,72,51,21,.708,5.82,-0.15,5.67,97.2,117.2,111.3,.564,.597,11.5,20.8,.212,.534,.568,12.4,21.5,.250
70,2018-19,PHI,51,82,51,31,.622,2.70,-0.44,2.25,101.6,112.6,110.0,.532,.574,12.9,24.5,.312,.512,.550,11.1,21.4,.268
71,2016-17,UTA,51,82,51,31,.622,3.94,0.06,4.00,91.6,109.6,105.3,.526,.563,13.2,23.2,.288,.493,.531,11.8,21.1,.253
72,2016-17,TOR,51,82,51,31,.622,4.21,-0.56,3.65,94.7,112.3,107.8,.517,.561,11.8,25.0,.293,.507,.550,13.5,23.7,.286
73,2016-17,CLE,51,82,51,31,.622,3.18,-0.31,2.87,96.2,113.6,110.3,.547,.580,12.6,21.9,.275,.516,.549,11.4,24.2,.226
74,2016-17,LAC,51,82,51,31,.622,4.29,0.13,4.42,96.1,112.7,108.2,.537,.574,12.0,21.5,.312,.506,.546,12.1,23.1,.274
75,2014-15,POR,51,82,51,31,.622,4.23,0.18,4.41,94.2,108.2,103.7,.508,.544,12.6,24.2,.225,.476,.513,11.3,23.8,.240
76,2013-14,GSW,51,82,51,31,.622,4.80,0.34,5.15,96.2,107.5,102.6,.517,.550,13.8,25.1,.247,.477,.522,13.6,23.7,.292
77,2018-19,UTA,50,82,50,32,.610,5.26,0.03,5.28,100.3,110.9,105.7,.538,.572,13.4,22.9,.295,.507,.542,12.4,19.7,.251
78,2017-18,CLE,50,82,50,32,.610,0.94,-0.35,0.59,98.0,112.9,111.9,.547,.584,12.6,20.1,.275,.540,.568,12.2,22.7,.219
79,2014-15,CHI,50,82,50,32,.610,3.00,-0.46,2.54,92.8,107.5,104.3,.489,.536,12.9,27.0,.304,.473,.510,11.3,25.6,.242
80,2014-15,DAL,50,82,50,32,.610,2.90,0.46,3.36,95.2,109.5,106.4,.515,.550,11.9,23.6,.262,.503,.541,14.7,27.8,.271
81,2013-14,MEM,50,82,50,32,.610,1.57,0.61,2.18,89.9,106.3,104.6,.494,.529,13.1,28.3,.248,.497,.535,13.8,24.3,.259
82,2011-12,CHI,50,66,50,16,.758,8.18,-0.76,7.43,89.1,107.4,98.3,.490,.523,13.2,32.6,.255,.450,.486,12.8,25.7,.236
83,2011-12,SAS,50,66,50,16,.758,7.17,0.11,7.28,92.9,110.9,103.2,.528,.562,12.8,25.1,.261,.489,.522,12.9,24.0,.222
84,2010-11,DEN,50,82,50,32,.610,4.76,0.05,4.81,95.6,112.3,107.3,.526,.574,13.1,23.9,.367,.500,.542,12.7,24.6,.296
85,2021-22,UTA,49,82,49,33,.598,6.04,-0.37,5.67,97.1,116.7,110.5,.555,.589,12.7,25.4,.271,.521,.550,10.9,21.7,.216
86,2020-21,PHI,49,72,49,23,.681,5.58,-0.31,5.28,99.5,113.2,107.6,.541,.579,12.8,23.2,.293,.521,.557,13.8,21.8,.262
87,2019-20,LAC,49,72,49,23,.681,6.44,0.21,6.66,101.5,113.9,107.6,.535,.577,12.6,23.5,.295,.506,.544,12.2,22.4,.272
88,2018-19,OKC,49,82,49,33,.598,3.40,0.15,3.56,102.8,110.3,107.0,.514,.545,11.7,26.0,.266,.523,.560,14.4,21.8,.271
89,2018-19,BOS,49,82,49,33,.598,4.44,-0.54,3.90,99.6,112.2,107.8,.534,.567,11.5,21.6,.215,.514,.550,13.4,23.0,.259
90,2017-18,POR,49,82,49,33,.598,2.60,0.00,2.60,96.5,109.1,106.4,.511,.549,12.3,23.3,.240,.503,.539,11.7,20.9,.256
91,2016-17,WAS,49,82,49,33,.598,1.80,-0.45,1.36,97.4,111.2,109.3,.528,.564,12.8,24.1,.254,.524,.561,13.8,24.5,.284
92,2014-15,TOR,49,82,49,33,.598,3.07,-0.62,2.45,92.8,111.0,107.7,.508,.553,12.0,25.6,.295,.506,.542,13.4,26.7,.283
93,2013-14,DAL,49,82,49,33,.598,2.40,0.50,2.91,93.5,111.2,108.7,.526,.564,12.7,24.6,.253,.515,.555,14.8,27.3,.303
94,2012-13,IND,49,81,49,32,.605,4.02,-0.69,3.34,90.2,104.3,99.8,.479,.521,14.3,30.3,.293,.453,.495,12.9,25.4,.260
95,2012-13,BRK,49,82,49,33,.598,1.78,-0.53,1.25,88.8,108.2,106.2,.498,.536,14.0,30.9,.299,.503,.534,13.1,26.3,.238
96,2022-23,SAC,48,82,48,34,.585,2.65,-0.35,2.30,100.3,119.4,116.8,.572,.608,12.0,22.7,.284,.563,.596,12.6,22.8,.258
97,2021-22,DEN,48,82,48,34,.585,2.30,-0.15,2.16,97.8,114.5,112.1,.556,.590,13.2,21.9,.244,.537,.569,11.7,21.7,.249
98,2021-22,TOR,48,82,48,34,.585,2.29,0.08,2.38,96.0,112.9,110.5,.510,.543,11.0,28.4,.234,.535,.571,14.4,24.4,.252
99,2020-21,BRK,48,72,48,24,.667,4.50,-0.27,4.24,99.5,118.3,113.8,.575,.610,12.2,21.4,.258,.531,.565,11.1,22.7,.241
100,2019-20,BOS,48,72,48,24,.667,6.31,-0.47,5.83,99.5,113.3,107.0,.531,.570,12.2,23.9,.259,.509,.549,13.5,22.6,.281
101,2018-19,IND,48,82,48,34,.585,3.33,-0.57,2.76,98.1,109.9,106.5,.530,.561,12.4,21.9,.242,.516,.549,14.1,23.8,.243
102,2018-19,LAC,48,82,48,34,.585,0.85,0.23,1.09,101.7,112.4,111.5,.529,.575,12.7,22.0,.326,.514,.555,11.4,24.0,.288
103,2018-19,SAS,48,82,48,34,.585,1.68,0.12,1.80,98.3,112.9,111.2,.534,.572,11.0,21.0,.237,.528,.558,11.0,20.6,.225
104,2017-18,NOP,48,82,48,34,.585,1.30,0.18,1.48,100.5,109.6,108.3,.541,.573,13.3,20.0,.237,.513,.547,12.5,23.3,.223
105,2017-18,IND,48,82,48,34,.585,1.38,-0.20,1.18,96.0,109.5,108.1,.525,.557,12.3,22.7,.222,.527,.558,14.2,23.8,.230
106,2017-18,OKC,48,82,48,34,.585,3.41,0.00,3.42,96.7,110.7,107.2,.514,.546,12.4,27.7,.275,.525,.560,14.7,22.6,.252
107,2017-18,UTA,48,82,48,34,.585,4.30,0.17,4.47,95.7,108.4,103.9,.527,.564,13.7,21.5,.260,.506,.543,14.0,20.2,.247
108,2015-16,ATL,48,82,48,34,.585,3.61,-0.12,3.49,97.1,105.1,101.4,.516,.552,13.8,19.1,.237,.480,.518,14.4,25.4,.256
109,2015-16,BOS,48,82,48,34,.585,3.21,-0.37,2.84,98.5,106.8,103.6,.488,.531,12.1,25.1,.264,.487,.531,14.6,25.4,.306
110,2015-16,CHO,48,82,48,34,.585,2.72,-0.36,2.36,95.7,107.1,104.3,.502,.545,11.7,20.0,.280,.496,.534,12.5,20.2,.249
111,2015-16,MIA,48,82,48,34,.585,1.65,-0.14,1.50,93.6,106.1,104.4,.508,.545,13.3,23.8,.282,.485,.525,12.1,22.2,.255
112,2013-14,CHI,48,82,48,34,.585,1.85,-0.66,1.20,90.2,102.5,100.5,.471,.518,14.2,27.2,.290,.471,.509,13.7,24.6,.250
113,2013-14,PHO,48,82,48,34,.585,2.63,0.39,3.02,95.8,109.5,106.7,.519,.558,14.0,26.4,.293,.496,.541,13.9,26.3,.309
114,2013-14,TOR,48,82,48,34,.585,3.24,-0.69,2.55,91.8,108.8,105.3,.498,.545,13.2,27.2,.306,.493,.537,14.1,25.1,.315
115,2010-11,POR,48,82,48,34,.585,1.52,0.32,1.85,87.9,108.8,107.1,.486,.533,12.6,29.5,.278,.510,.552,15.4,28.0,.301
116,2022-23,NYK,47,82,47,35,.573,2.93,0.06,2.99,97.1,117.8,114.8,.541,.577,11.4,28.3,.285,.536,.574,11.4,22.9,.269
117,2020-21,DEN,47,72,47,25,.653,4.93,-0.11,4.82,97.1,117.1,112.1,.557,.588,12.1,24.7,.219,.545,.579,12.9,21.1,.258
118,2020-21,LAC,47,72,47,25,.653,6.18,-0.16,6.02,96.9,117.6,111.2,.564,.599,12.2,22.7,.222,.531,.564,11.9,20.9,.239
119,2017-18,SAS,47,82,47,35,.573,2.89,0.00,2.89,95.0,107.9,104.8,.507,.543,12.2,23.7,.245,.507,.539,13.2,21.4,.224
120,2017-18,MIN,47,82,47,35,.573,2.23,0.12,2.35,96.0,113.4,111.1,.523,.566,11.4,24.4,.280,.539,.573,13.9,23.6,.242
121,2016-17,OKC,47,82,47,35,.573,0.76,0.39,1.14,97.8,108.3,107.5,.500,.540,13.2,27.9,.295,.511,.551,12.5,21.0,.285
122,2012-13,GSW,47,82,47,35,.573,0.89,0.42,1.32,94.5,106.4,105.5,.506,.545,14.0,25.4,.255,.486,.526,12.4,24.5,.282
123,2011-12,OKC,47,66,47,19,.712,6.12,0.32,6.44,93.0,109.8,103.2,.516,.567,15.3,27.8,.334,.465,.508,13.0,27.9,.270
124,2021-22,MIN,46,82,46,36,.561,2.63,-0.10,2.53,100.9,114.3,111.7,.539,.573,12.4,24.4,.254,.535,.575,14.2,25.1,.291
125,2021-22,CHI,46,82,46,36,.561,-0.39,0.02,-0.38,98.3,113.2,113.6,.541,.579,11.8,20.4,.248,.541,.577,11.9,21.7,.251
126,2020-21,MIL,46,72,46,26,.639,5.89,-0.32,5.57,102.2,117.2,111.4,.566,.593,12.0,23.3,.233,.536,.565,11.5,20.3,.202
127,2019-20,DEN,46,73,46,27,.630,2.11,0.24,2.35,97.1,113.1,111.0,.535,.567,12.3,24.8,.235,.533,.567,12.9,23.2,.260
128,2017-18,DEN,46,82,46,36,.561,1.48,0.09,1.57,96.8,112.5,111.0,.536,.570,13.4,25.7,.258,.539,.567,12.6,22.5,.235
129,2014-15,WAS,46,82,46,36,.561,0.72,-0.55,0.17,93.7,103.7,103.0,.499,.534,14.0,24.9,.259,.481,.521,12.9,22.7,.284
130,2011-12,MIA,46,66,46,20,.697,5.98,-0.27,5.72,91.2,106.6,100.2,.505,.549,14.5,26.6,.307,.479,.517,15.8,26.1,.277
131,2010-11,MEM,46,82,46,36,.561,2.34,0.20,2.55,91.9,107.6,105.1,.493,.534,13.0,28.9,.291,.502,.545,15.7,27.5,.300
132,2010-11,NOH,46,82,46,36,.561,0.89,0.39,1.28,88.7,106.2,105.2,.493,.537,12.8,25.1,.296,.501,.543,14.4,23.8,.286
133,2022-23,PHO,45,82,45,37,.549,2.07,0.01,2.08,98.2,115.1,113.0,.535,.570,12.0,26.6,.241,.532,.574,12.9,24.0,.298
134,2022-23,BRK,45,82,45,37,.549,0.85,0.18,1.03,98.3,115.0,114.1,.562,.598,12.7,19.6,.260,.530,.567,12.2,26.3,.276
135,2019-20,IND,45,73,45,28,.616,1.96,-0.33,1.63,98.9,110.0,108.0,.534,.565,12.0,20.0,.216,.511,.548,13.0,23.3,.244
136,2015-16,IND,45,82,45,37,.549,1.71,-0.09,1.62,96.6,104.6,102.9,.497,.536,13.5,23.4,.268,.489,.528,14.3,24.0,.273
137,2014-15,NOP,45,82,45,37,.549,0.79,0.34,1.13,91.4,108.2,107.3,.501,.537,12.5,27.1,.263,.496,.533,11.7,24.9,.257
138,2014-15,OKC,45,82,45,37,.549,2.18,0.28,2.47,95.7,107.8,105.5,.492,.532,13.1,28.9,.284,.489,.529,12.4,24.4,.286
139,2012-13,CHI,45,82,45,37,.549,0.32,-0.33,-0.02,89.3,103.5,103.2,.470,.512,13.6,29.4,.259,.477,.517,13.2,26.4,.278
140,2012-13,HOU,45,82,45,37,.549,3.48,0.22,3.69,96.1,109.7,106.1,.525,.564,14.9,26.4,.308,.502,.540,13.5,24.8,.253
141,2012-13,LAL,45,82,45,37,.549,1.16,0.32,1.48,94.4,107.8,106.6,.512,.548,13.9,27.0,.345,.496,.526,11.9,25.7,.222
142,2022-23,MIA,44,82,44,38,.537,-0.32,0.18,-0.13,96.3,113.0,113.3,.530,.574,12.4,22.8,.270,.561,.594,14.5,22.3,.253
143,2022-23,LAC,44,82,44,38,.537,0.50,-0.19,0.31,98.0,115.0,114.5,.551,.588,12.8,22.9,.278,.543,.576,11.7,23.4,.253
144,2022-23,GSW,44,82,44,38,.537,1.80,-0.15,1.66,101.6,116.1,114.4,.571,.600,14.1,24.4,.224,.540,.576,12.3,24.0,.278
145,2021-22,BRK,44,82,44,38,.537,0.78,0.04,0.82,99.0,113.6,112.8,.540,.576,12.5,23.9,.246,.521,.559,11.7,24.9,.255
146,2021-22,CLE,44,82,44,38,.537,2.12,-0.08,2.04,96.1,111.9,109.7,.538,.571,13.2,24.0,.261,.520,.552,12.3,23.5,.223
147,2019-20,MIA,44,73,44,29,.603,2.95,-0.35,2.59,98.3,112.5,109.5,.547,.587,13.5,20.3,.299,.523,.562,12.6,20.5,.272
148,2019-20,UTA,44,72,44,28,.611,2.47,0.05,2.52,98.6,112.3,109.9,.549,.585,13.7,21.6,.268,.518,.552,11.1,21.1,.241
149,2019-20,OKC,44,72,44,28,.611,1.99,0.34,2.33,98.8,110.8,108.8,.530,.573,12.4,19.3,.290,.518,.552,12.6,23.2,.218
150,2019-20,HOU,44,72,44,28,.611,2.96,0.17,3.13,103.7,112.9,110.1,.537,.578,12.6,21.0,.288,.529,.563,13.7,24.4,.259
151,2017-18,MIL,44,82,44,38,.537,-0.30,-0.15,-0.45,96.2,109.8,110.1,.531,.571,12.9,20.4,.281,.528,.568,14.2,24.1,.281
152,2017-18,MIA,44,82,44,38,.537,0.48,-0.33,0.15,95.6,106.8,106.3,.520,.551,13.3,21.5,.229,.507,.548,13.1,21.0,.274
153,2015-16,DET,44,82,44,38,.537,0.61,-0.18,0.43,95.1,106.1,105.5,.491,.522,12.2,27.0,.296,.504,.542,12.5,20.7,.250
154,2015-16,POR,44,82,44,38,.537,0.83,0.15,0.98,96.0,108.8,108.0,.511,.548,13.2,25.9,.268,.503,.543,12.1,23.8,.307
155,2013-14,BRK,44,82,44,38,.537,-1.00,-0.58,-1.58,91.4,106.7,107.7,.514,.555,14.1,21.7,.313,.509,.551,14.9,27.7,.311
156,2013-14,WAS,44,82,44,38,.537,1.27,-0.79,0.48,93.2,106.0,104.6,.506,.538,13.6,25.2,.248,.504,.545,15.0,24.3,.288
157,2012-13,ATL,44,82,44,38,.537,0.40,-0.48,-0.08,92.6,104.8,104.4,.517,.546,14.2,22.2,.244,.496,.531,14.2,26.4,.237
158,2010-11,ATL,44,82,44,38,.537,-0.82,-0.28,-1.10,89.3,106.1,107.0,.501,.542,13.5,23.4,.269,.495,.537,12.3,25.4,.273
159,2022-23,LAL,43,82,43,39,.524,0.57,-0.15,0.43,101.3,114.5,113.9,.542,.582,12.3,22.8,.299,.535,.566,10.9,23.7,.222
160,2021-22,ATL,43,82,43,39,.524,1.56,-0.01,1.55,97.7,116.5,114.9,.543,.581,10.8,23.0,.253,.543,.575,11.5,23.1,.224
161,2021-22,CHO,43,82,43,39,.524,0.44,0.09,0.53,100.0,114.1,113.7,.544,.572,11.6,23.3,.234,.544,.575,13.1,25.2,.246
162,2019-20,DAL,43,75,43,32,.573,4.95,-0.07,4.87,99.3,116.7,111.7,.545,.581,11.2,23.2,.264,.525,.556,10.6,22.3,.230
163,2019-20,PHI,43,73,43,30,.589,2.38,-0.13,2.25,99.0,111.3,109.0,.534,.566,12.7,23.9,.255,.523,.560,12.5,19.7,.285
164,2017-18,WAS,43,82,43,39,.524,0.59,-0.06,0.53,96.6,109.3,108.7,.525,.560,13.3,23.5,.254,.522,.560,13.6,22.9,.279
165,2016-17,ATL,43,82,43,39,.524,-0.85,-0.38,-1.23,97.4,104.9,105.7,.504,.541,14.2,23.6,.295,.507,.541,13.8,23.9,.232
166,2016-17,MEM,43,82,43,39,.524,0.49,0.47,0.96,92.3,107.7,107.1,.491,.535,12.1,24.8,.280,.506,.551,13.6,22.5,.341
167,2013-14,CHA,43,82,43,39,.524,-0.22,-0.67,-0.89,92.4,103.6,103.8,.481,.522,11.7,21.9,.297,.491,.526,12.6,22.4,.241
168,2012-13,UTA,43,82,43,39,.524,-0.09,0.38,0.30,90.9,106.7,106.8,.492,.533,13.8,28.8,.281,.501,.543,14.0,26.8,.298
169,2010-11,HOU,43,82,43,39,.524,2.18,0.19,2.37,94.2,111.3,109.0,.503,.550,12.3,27.4,.299,.500,.543,12.6,27.3,.280
170,2022-23,MIN,42,82,42,40,.512,-0.04,-0.18,-0.22,101.0,113.7,113.8,.560,.592,13.6,21.5,.271,.540,.578,13.3,25.7,.293
171,2022-23,NOP,42,82,42,40,.512,1.89,-0.26,1.63,99.1,114.4,112.5,.543,.582,12.9,24.7,.279,.543,.580,13.4,22.6,.272
172,2021-22,LAC,42,82,42,40,.512,0.02,0.06,0.09,98.0,110.1,110.1,.531,.564,12.5,20.6,.224,.514,.546,12.0,25.6,.216
173,2020-21,POR,42,72,42,30,.583,1.79,0.01,1.81,98.4,117.8,116.0,.540,.577,9.9,23.0,.238,.546,.582,11.2,22.5,.258
174,2020-21,LAL,42,72,42,30,.583,2.79,-0.03,2.77,98.7,109.9,107.1,.536,.569,13.6,22.5,.271,.526,.559,13.7,20.3,.237
175,2020-21,DAL,42,72,42,30,.583,2.26,-0.01,2.26,97.3,115.4,113.0,.550,.582,11.1,21.1,.242,.534,.568,11.5,22.2,.259
176,2018-19,ORL,42,82,42,40,.512,0.71,-0.43,0.28,98.1,108.9,108.1,.518,.550,11.9,22.0,.216,.515,.550,11.8,20.3,.239
177,2018-19,BRK,42,82,42,40,.512,-0.07,-0.33,-0.40,100.8,109.6,109.7,.520,.556,13.0,23.8,.284,.512,.548,11.6,23.6,.247
178,2017-18,LAC,42,82,42,40,.512,0.04,0.11,0.15,98.7,110.3,110.2,.527,.564,13.2,23.5,.299,.520,.557,12.6,23.9,.259
179,2016-17,IND,42,82,42,40,.512,-0.22,-0.42,-0.64,95.9,108.6,108.8,.516,.558,12.8,21.2,.261,.512,.555,13.6,24.5,.286
180,2016-17,MIL,42,82,42,40,.512,-0.18,-0.26,-0.45,94.5,109.1,109.3,.527,.565,13.2,21.5,.274,.518,.557,13.6,24.6,.279
181,2015-16,CHI,42,82,42,40,.512,-1.48,0.01,-1.46,95.7,105.0,106.5,.487,.526,12.6,24.5,.240,.485,.520,10.7,25.1,.247
182,2015-16,DAL,42,82,42,40,.512,-0.30,0.29,-0.02,94.3,106.7,107.0,.502,.544,12.0,20.6,.265,.504,.540,12.8,23.8,.269
183,2015-16,MEM,42,82,42,40,.512,-2.24,0.11,-2.14,93.3,105.4,107.8,.477,.524,12.3,25.3,.295,.518,.563,15.2,24.9,.326
184,2011-12,IND,42,66,42,24,.636,3.30,-0.71,2.60,90.7,106.7,103.1,.474,.526,13.1,29.2,.321,.476,.518,14.1,27.7,.305
185,2010-11,NYK,42,82,42,40,.512,0.78,-0.30,0.48,95.6,110.9,110.1,.513,.561,12.6,24.2,.304,.511,.554,13.8,28.1,.315
186,2022-23,TOR,41,82,41,41,.500,1.48,0.12,1.59,97.1,115.5,114.0,.517,.555,10.3,27.8,.257,.565,.602,15.3,23.3,.280
187,2022-23,ATL,41,82,41,41,.500,0.29,0.02,0.32,100.7,116.6,116.3,.541,.579,11.2,25.1,.244,.552,.588,12.4,24.2,.257
188,2020-21,ATL,41,72,41,31,.569,2.32,-0.18,2.14,97.6,115.7,113.3,.539,.581,11.9,24.4,.278,.530,.566,11.1,22.2,.237
189,2020-21,NYK,41,72,41,31,.569,2.31,-0.18,2.13,95.9,110.6,108.2,.524,.559,11.9,21.9,.242,.509,.545,11.7,21.4,.257
190,2018-19,DET,41,82,41,41,.500,-0.24,-0.31,-0.56,97.4,109.0,109.2,.509,.544,12.3,24.8,.262,.526,.562,12.8,21.3,.279
191,2016-17,POR,41,82,41,41,.500,-0.52,0.30,-0.23,96.7,110.3,110.8,.520,.559,12.5,23.0,.275,.508,.554,11.6,23.2,.307
192,2016-17,CHI,41,82,41,41,.500,0.43,-0.39,0.03,95.3,107.4,107.0,.487,.530,12.3,27.0,.259,.507,.540,12.4,23.2,.219
193,2016-17,MIA,41,82,41,41,.500,1.06,-0.29,0.77,95.2,107.8,106.7,.512,.541,12.4,24.2,.251,.496,.540,12.6,23.6,.281
194,2015-16,HOU,41,82,41,41,.500,0.20,0.14,0.34,97.6,108.3,108.1,.516,.553,14.2,25.7,.352,.516,.554,14.7,27.2,.289
195,2015-16,WAS,41,82,41,41,.500,-0.50,0.00,-0.50,98.5,105.3,105.8,.511,.544,13.1,20.6,.263,.515,.555,14.6,22.3,.283
196,2014-15,MIL,41,82,41,41,.500,0.43,-0.52,-0.09,94.1,102.7,102.2,.499,.536,15.5,25.4,.258,.487,.528,15.9,26.7,.298
197,2012-13,BOS,41,81,41,40,.506,-0.22,-0.40,-0.62,91.7,103.1,103.3,.503,.542,14.1,20.1,.263,.482,.523,14.2,26.7,.292
198,2012-13,DAL,41,82,41,41,.500,-0.60,0.36,-0.24,94.1,105.9,106.5,.506,.544,13.0,21.8,.242,.492,.534,13.3,26.9,.302
199,2011-12,LAL,41,66,41,25,.621,1.42,0.54,1.96,90.5,106.0,104.4,.491,.534,14.2,29.1,.299,.476,.507,10.7,25.2,.213
200,2011-12,MEM,41,66,41,25,.621,2.02,0.42,2.43,90.8,104.0,101.8,.473,.515,13.6,29.8,.277,.485,.529,16.3,27.3,.297
201,2010-11,PHI,41,82,41,41,.500,1.50,-0.50,1.01,91.7,106.6,105.0,.494,.535,12.3,24.6,.273,.487,.532,13.5,25.5,.299
202,2022-23,CHI,40,82,40,42,.488,1.29,0.07,1.37,98.5,113.5,112.2,.550,.587,12.2,20.1,.251,.544,.578,13.5,22.2,.253
203,2022-23,OKC,40,82,40,42,.488,1.09,-0.12,0.96,101.1,115.2,114.2,.531,.570,11.2,24.7,.256,.547,.584,14.4,27.1,.288
204,2020-21,MIA,40,72,40,32,.556,0.03,-0.09,-0.06,96.6,111.2,111.2,.546,.581,13.1,19.4,.252,.542,.575,13.8,22.1,.234
205,2016-17,DEN,40,82,40,42,.488,0.51,0.19,0.70,98.3,113.2,112.7,.530,.568,13.2,27.3,.276,.532,.567,10.9,21.3,.248
206,2015-16,UTA,40,82,40,42,.488,1.79,0.05,1.84,91.0,105.9,103.9,.501,.540,14.2,25.9,.286,.495,.534,13.5,22.3,.281
207,2014-15,BOS,40,82,40,42,.488,0.16,-0.56,-0.40,95.8,104.7,104.5,.489,.523,12.5,24.7,.233,.494,.533,13.7,25.0,.275
208,2013-14,MIN,40,82,40,42,.488,2.67,0.43,3.10,97.3,108.9,106.2,.486,.535,12.2,27.4,.321,.518,.550,14.8,25.6,.233
209,2011-12,ATL,40,66,40,26,.606,3.44,-0.77,2.67,90.2,104.9,101.2,.500,.535,13.4,23.9,.259,.480,.517,14.4,25.6,.247
210,2011-12,LAC,40,66,40,26,.606,2.56,0.26,2.82,89.2,108.5,105.7,.502,.533,12.7,29.5,.287,.492,.537,14.2,26.8,.329
211,2010-11,PHO,40,82,40,42,.488,-0.89,0.43,-0.46,94.4,109.5,110.4,.522,.559,13.2,23.7,.283,.513,.551,13.1,28.4,.280
212,2020-21,GSW,39,72,39,33,.542,1.06,0.04,1.10,102.2,111.1,110.1,.551,.583,13.3,17.9,.239,.522,.562,13.1,23.4,.286
213,2018-19,CHO,39,82,39,43,.476,-1.10,-0.22,-1.32,98.7,111.4,112.5,.514,.554,10.9,21.7,.257,.538,.570,12.1,22.9,.227
214,2018-19,MIA,39,82,39,43,.476,-0.23,-0.22,-0.45,98.2,107.3,107.6,.515,.542,13.1,24.8,.247,.510,.547,12.7,22.4,.262
215,2018-19,SAC,39,82,39,43,.476,-1.12,0.31,-0.81,103.1,110.4,111.5,.524,.554,11.5,23.1,.244,.533,.569,13.6,24.5,.269
216,2017-18,DET,39,82,39,43,.476,-0.15,-0.11,-0.26,96.2,107.2,107.3,.512,.543,12.3,22.7,.227,.524,.556,13.7,21.5,.222
217,2014-15,PHO,39,82,39,43,.476,-0.90,0.52,-0.38,96.3,105.3,106.2,.501,.537,13.7,24.5,.251,.497,.539,14.0,26.5,.291
218,2011-12,BOS,39,66,39,27,.591,2.52,-0.26,2.26,90.4,101.0,98.2,.496,.535,14.7,19.7,.257,.452,.498,14.9,27.6,.285
219,2010-11,UTA,39,82,39,43,.476,-1.83,0.39,-1.44,91.0,108.1,110.1,.498,.544,13.5,27.0,.313,.505,.556,13.8,28.3,.354
220,2022-23,DAL,38,82,38,44,.463,0.07,-0.22,-0.14,96.6,116.8,116.7,.565,.599,11.4,18.0,.298,.549,.588,11.9,24.5,.290
221,2020-21,MEM,38,72,38,34,.528,1.03,0.04,1.07,100.4,112.0,111.0,.528,.560,11.6,24.2,.232,.535,.570,13.1,21.7,.249
222,2014-15,IND,38,82,38,44,.463,0.28,-0.51,-0.23,93.2,103.5,103.2,.484,.523,13.1,24.0,.266,.478,.521,12.0,22.1,.288
223,2014-15,BRK,38,82,38,44,.463,-2.88,-0.25,-3.13,92.7,104.4,107.4,.491,.529,13.0,23.9,.267,.506,.539,12.9,26.3,.253
224,2014-15,UTA,38,82,38,44,.463,0.22,0.49,0.71,90.4,105.1,104.9,.494,.531,14.6,29.1,.297,.491,.529,12.8,23.7,.267
225,2013-14,ATL,38,82,38,44,.463,-0.48,-0.40,-0.88,94.6,105.9,106.4,.515,.554,14.3,21.0,.266,.510,.545,14.0,25.6,.262
226,2012-13,MIL,38,82,38,44,.463,-1.50,-0.33,-1.83,94.7,103.6,105.2,.476,.510,12.7,27.9,.236,.492,.531,14.4,28.7,.265
227,2011-12,DEN,38,66,38,28,.576,2.88,0.29,3.16,94.2,109.2,106.2,.516,.556,14.1,27.7,.326,.508,.542,14.3,25.7,.243
228,2022-23,UTA,37,82,37,45,.451,-0.94,-0.09,-1.03,100.5,115.8,116.7,.547,.584,13.3,26.8,.265,.541,.577,10.9,24.8,.265
229,2021-22,NYK,37,82,37,45,.451,-0.12,0.11,-0.01,95.9,110.4,110.5,.513,.550,12.0,25.1,.280,.521,.557,11.7,21.2,.259
230,2018-19,LAL,37,82,37,45,.451,-1.72,0.39,-1.33,103.2,107.8,109.5,.527,.554,13.4,22.2,.257,.516,.552,12.2,23.6,.245
231,2016-17,DET,37,82,37,45,.451,-1.12,-0.17,-1.29,95.0,106.0,107.1,.492,.521,10.9,24.1,.218,.516,.553,12.1,18.8,.253
232,2014-15,MIA,37,82,37,45,.451,-2.60,-0.32,-2.92,90.9,103.9,106.7,.500,.540,14.5,23.2,.306,.505,.542,14.2,26.6,.292
233,2013-14,NYK,37,82,37,45,.451,-0.79,-0.61,-1.40,90.3,108.3,109.1,.505,.541,12.5,25.1,.248,.514,.558,14.0,25.7,.320
234,2011-12,ORL,37,66,37,29,.561,0.79,-0.33,0.46,89.0,105.0,104.1,.506,.533,14.5,26.5,.292,.488,.526,12.9,24.5,.246
235,2010-11,IND,37,82,37,45,.451,-1.07,-0.30,-1.38,94.7,104.8,106.0,.486,.533,14.1,25.9,.300,.487,.531,12.8,25.9,.315
236,2021-22,NOP,36,82,36,46,.439,-0.99,0.15,-0.84,97.2,112.0,113.0,.517,.557,12.5,26.9,.264,.547,.581,13.0,21.8,.250
237,2020-21,BOS,36,72,36,36,.500,1.46,-0.14,1.32,98.3,114.0,112.5,.543,.574,12.5,24.3,.234,.539,.577,12.8,21.9,.273
238,2018-19,MIN,36,82,36,46,.439,-1.50,0.48,-1.02,100.2,111.4,112.9,.511,.552,11.4,24.6,.267,.538,.571,12.9,25.1,.247
239,2017-18,CHO,36,82,36,46,.439,0.26,-0.19,0.07,98.4,109.4,109.1,.508,.549,11.4,22.2,.312,.532,.563,12.4,19.3,.208
240,2016-17,CHO,36,82,36,46,.439,0.20,-0.26,-0.07,95.7,108.8,108.6,.501,.547,10.7,19.9,.279,.523,.554,12.1,20.4,.211
241,2013-14,DEN,36,82,36,46,.439,-2.15,0.75,-1.40,98.1,106.0,108.2,.497,.536,14.0,27.5,.306,.500,.543,12.8,25.5,.306
242,2011-12,DAL,36,66,36,30,.545,0.95,0.83,1.78,91.4,103.3,102.3,.489,.527,13.4,23.4,.246,.479,.519,13.9,25.2,.270
243,2011-12,NYK,36,66,36,30,.545,3.20,-0.81,2.39,93.2,104.4,101.0,.492,.533,14.9,26.6,.306,.485,.526,15.9,26.3,.304
244,2011-12,UTA,36,66,36,30,.545,0.62,0.30,0.92,91.4,106.8,106.1,.481,.525,13.0,30.2,.302,.493,.538,13.8,26.2,.325
245,2010-11,GSW,36,82,36,46,.439,-2.33,0.33,-2.00,94.8,108.2,110.7,.510,.544,13.3,26.7,.241,.509,.557,14.5,30.7,.333
246,2022-23,IND,35,82,35,47,.427,-3.18,0.28,-2.91,101.1,114.6,117.7,.545,.581,13.0,23.4,.265,.554,.594,13.0,27.8,.287
247,2022-23,WAS,35,82,35,47,.427,-1.21,0.15,-1.06,98.6,114.4,115.6,.550,.585,12.7,22.6,.258,.540,.575,11.0,23.9,.244
248,2021-22,WAS,35,82,35,47,.427,-3.38,0.15,-3.23,97.0,111.1,114.5,.532,.568,12.1,20.9,.252,.529,.568,10.7,23.1,.251
249,2019-20,BRK,35,72,35,37,.486,-0.57,-0.44,-1.01,101.4,108.9,109.5,.520,.554,13.1,23.2,.267,.511,.546,11.0,22.2,.243
250,2019-20,POR,35,74,35,39,.473,-1.15,0.54,-0.61,100.7,113.7,114.8,.533,.570,11.2,22.4,.242,.530,.566,11.2,24.7,.270
251,2017-18,LAL,35,82,35,47,.427,-1.55,0.11,-1.44,100.3,106.5,108.0,.517,.548,13.8,23.6,.264,.514,.549,12.5,22.3,.250
252,2015-16,ORL,35,82,35,47,.427,-1.62,-0.06,-1.68,96.0,105.1,106.8,.500,.533,12.8,23.1,.232,.513,.551,13.8,23.5,.288
253,2011-12,PHI,35,66,35,31,.530,4.24,-0.65,3.59,89.7,103.9,99.2,.480,.511,10.9,24.4,.217,.460,.500,13.5,24.8,.255
254,2010-11,MIL,35,82,35,47,.427,-0.84,-0.17,-1.02,89.8,101.6,102.5,.467,.511,13.0,24.7,.287,.481,.528,14.7,25.2,.307
255,2022-23,ORL,34,82,34,48,.415,-2.56,0.17,-2.39,99.3,111.6,114.2,.532,.573,13.4,23.8,.290,.550,.587,13.1,22.3,.265
256,2021-22,SAS,34,82,34,48,.415,0.12,-0.10,0.02,100.0,112.4,112.3,.527,.556,11.1,23.7,.220,.532,.563,12.1,24.9,.229
257,2020-21,IND,34,72,34,38,.472,-0.04,-0.08,-0.13,101.6,112.4,112.4,.542,.575,11.9,20.2,.227,.531,.567,12.7,25.1,.258
258,2020-21,WAS,34,72,34,38,.472,-1.83,-0.01,-1.85,104.1,111.2,113.0,.531,.569,12.3,21.3,.288,.539,.576,12.5,22.4,.277
259,2019-20,MEM,34,73,34,39,.466,-1.07,0.16,-0.91,102.8,109.2,110.3,.528,.561,13.2,23.0,.240,.521,.561,12.7,22.2,.277
260,2019-20,PHO,34,73,34,39,.466,0.22,0.35,0.56,101.3,111.7,111.4,.532,.576,13.0,22.2,.271,.539,.578,13.7,21.2,.280
261,2016-17,NOP,34,82,34,48,.415,-2.10,0.41,-1.69,98.0,105.2,107.4,.504,.539,11.7,18.5,.256,.509,.542,12.4,23.2,.232
262,2013-14,NOP,34,82,34,48,.415,-2.71,0.73,-1.98,92.2,107.2,110.1,.495,.537,12.9,26.9,.286,.515,.558,13.6,26.2,.331
263,2012-13,PHI,34,82,34,48,.415,-3.34,-0.17,-3.51,91.0,102.0,105.7,.481,.509,12.5,24.9,.200,.495,.534,13.7,26.6,.264
264,2012-13,TOR,34,82,34,48,.415,-1.48,-0.48,-1.96,90.4,105.9,107.5,.488,.532,13.0,25.5,.274,.500,.544,13.6,26.6,.331
265,2011-12,HOU,34,66,34,32,.515,0.23,0.35,0.57,91.7,105.5,105.2,.492,.529,13.5,27.5,.235,.490,.531,13.8,26.6,.275
266,2010-11,CHA,34,82,34,48,.415,-4.00,-0.08,-4.08,89.6,103.4,107.8,.482,.528,14.1,25.7,.314,.500,.544,12.9,24.8,.294
267,2022-23,POR,33,82,33,49,.402,-4.01,0.05,-3.96,98.6,114.8,118.8,.549,.589,13.1,22.4,.289,.563,.598,12.1,25.1,.276
268,2021-22,LAL,33,82,33,49,.402,-3.05,-0.03,-3.08,100.1,110.3,113.3,.537,.567,12.8,21.1,.259,.540,.571,12.2,24.2,.257
269,2020-21,CHO,33,72,33,39,.458,-1.93,-0.01,-1.94,98.3,110.9,112.8,.532,.564,13.3,23.5,.238,.550,.576,13.2,24.3,.219
270,2020-21,SAS,33,72,33,39,.458,-1.74,0.15,-1.58,98.9,111.0,112.8,.517,.554,10.2,20.0,.243,.541,.570,11.8,22.7,.230
271,2019-20,ORL,33,73,33,40,.452,-1.01,0.09,-0.93,98.6,108.5,109.5,.506,.544,11.5,22.3,.256,.535,.566,13.2,20.9,.228
272,2018-19,DAL,33,82,33,49,.402,-1.28,0.42,-0.87,99.0,109.4,110.7,.519,.555,12.7,22.7,.291,.522,.557,11.6,22.5,.246
273,2018-19,MEM,33,82,33,49,.402,-2.60,0.51,-2.08,96.6,106.1,108.8,.508,.548,12.9,20.0,.272,.521,.563,13.9,22.4,.296
274,2018-19,NOP,33,82,33,49,.402,-1.33,0.23,-1.10,103.3,111.4,112.6,.529,.563,12.6,24.1,.254,.532,.566,11.6,23.2,.253
275,2016-17,DAL,33,82,33,49,.402,-2.93,0.40,-2.53,92.2,105.6,108.8,.505,.541,11.6,18.1,.225,.529,.568,14.4,22.4,.282
276,2015-16,DEN,33,82,33,49,.402,-3.10,0.29,-2.81,95.7,105.6,108.9,.489,.531,13.2,25.8,.282,.515,.554,12.6,22.7,.284
277,2015-16,MIL,33,82,33,49,.402,-4.18,0.20,-3.98,94.2,104.3,108.7,.499,.537,14.2,24.9,.276,.510,.551,14.2,26.9,.288
278,2015-16,SAC,33,82,33,49,.402,-2.48,0.16,-2.32,100.0,106.0,108.4,.510,.546,14.2,23.9,.295,.521,.557,14.0,25.1,.264
279,2014-15,CHO,33,82,33,49,.402,-3.17,-0.27,-3.44,93.0,100.1,103.5,.456,.498,11.2,22.1,.269,.487,.525,12.0,20.7,.244
280,2013-14,CLE,33,82,33,49,.402,-3.29,-0.57,-3.86,93.1,104.2,107.7,.479,.518,13.0,27.2,.268,.508,.545,13.0,24.2,.263
281,2012-13,POR,33,82,33,49,.402,-3.17,0.65,-2.53,91.4,105.8,109.2,.498,.536,13.9,25.3,.250,.512,.547,12.5,26.7,.248
282,2011-12,PHO,33,66,33,33,.500,-0.24,0.53,0.29,92.6,106.2,106.5,.499,.536,13.3,25.8,.257,.491,.530,13.1,28.3,.262
283,2019-20,SAS,32,71,32,39,.451,-1.11,0.46,-0.65,100.5,112.4,113.5,.531,.572,11.2,20.1,.262,.542,.576,11.7,20.8,.249
284,2018-19,WAS,32,82,32,50,.390,-2.90,-0.40,-3.30,101.4,111.1,113.9,.531,.567,12.3,21.3,.266,.546,.581,13.5,25.9,.255
285,2016-17,SAC,32,82,32,50,.390,-3.88,0.58,-3.29,94.9,107.3,111.3,.516,.556,13.7,21.0,.284,.528,.568,12.9,23.7,.291
286,2015-16,NYK,32,82,32,50,.390,-2.73,0.00,-2.74,93.4,104.6,107.6,.483,.527,12.6,23.7,.255,.487,.526,10.5,24.2,.271
287,2014-15,DET,32,82,32,50,.390,-1.00,-0.39,-1.39,92.8,105.3,106.4,.482,.515,12.3,27.7,.261,.502,.539,13.2,25.0,.249
288,2010-11,LAC,32,82,32,50,.390,-3.13,0.42,-2.71,92.8,105.3,108.7,.496,.535,15.1,28.4,.332,.499,.546,12.8,26.8,.324
289,2020-21,CHI,31,72,31,41,.431,-0.89,-0.05,-0.94,99.0,111.1,112.0,.547,.575,13.6,22.3,.197,.538,.572,11.6,19.7,.253
290,2020-21,NOP,31,72,31,41,.431,-0.29,0.10,-0.20,100.1,113.5,113.8,.537,.570,12.7,26.3,.293,.550,.583,11.9,20.0,.236
291,2020-21,SAC,31,72,31,41,.431,-3.68,0.23,-3.45,100.0,113.6,117.2,.549,.578,12.0,21.3,.248,.557,.591,12.1,25.0,.253
292,2019-20,SAC,31,72,31,41,.431,-2.04,0.46,-1.59,98.9,110.2,112.2,.534,.566,13.0,21.9,.230,.543,.583,13.6,21.6,.285
293,2016-17,MIN,31,82,31,51,.378,-1.11,0.47,-0.64,94.6,110.8,112.0,.511,.555,12.9,27.2,.287,.535,.571,13.2,24.1,.275
294,2016-17,NYK,31,82,31,51,.378,-3.67,-0.20,-3.87,96.0,107.7,111.5,.496,.534,12.4,26.6,.239,.511,.551,11.7,25.9,.278
295,2012-13,MIN,31,82,31,51,.378,-2.37,0.54,-1.83,92.8,102.9,105.4,.473,.516,13.8,27.4,.305,.511,.545,15.0,26.0,.248
296,2011-12,MIL,31,66,31,35,.470,0.27,-0.50,-0.23,93.7,105.5,105.2,.481,.521,12.9,27.7,.250,.489,.532,14.6,29.1,.281
297,2021-22,SAC,30,82,30,52,.366,-5.46,0.20,-5.26,99.8,109.9,115.3,.525,.561,12.5,21.3,.264,.551,.581,11.9,24.0,.226
298,2019-20,NOP,30,72,30,42,.417,-1.29,0.74,-0.55,103.7,110.7,111.9,.539,.568,13.9,24.2,.256,.532,.570,12.4,22.2,.268
299,2015-16,NOP,30,82,30,52,.366,-3.79,0.24,-3.56,96.8,105.6,109.5,.498,.537,12.3,21.2,.259,.523,.564,12.7,21.2,.287
300,2014-15,DEN,30,82,30,52,.366,-3.55,0.48,-3.07,96.1,104.5,108.2,.479,.518,12.7,26.6,.278,.504,.546,13.0,25.3,.320
301,2010-11,DET,30,82,30,52,.366,-3.60,-0.18,-3.78,89.2,107.7,111.7,.495,.533,12.5,27.4,.279,.526,.567,13.8,27.9,.306
302,2018-19,ATL,29,82,29,53,.354,-6.02,-0.04,-6.06,103.9,108.1,113.9,.522,.555,14.3,24.7,.255,.541,.580,12.8,23.6,.313
303,2017-18,NYK,29,82,29,53,.354,-3.56,0.03,-3.53,96.8,107.1,110.7,.510,.544,13.3,24.1,.216,.522,.559,12.2,23.3,.269
304,2016-17,ORL,29,82,29,53,.354,-6.57,-0.04,-6.61,96.8,103.7,110.5,.489,.524,12.1,21.6,.246,.523,.559,11.9,22.6,.263
305,2015-16,MIN,29,82,29,53,.354,-3.54,0.15,-3.38,95.2,106.5,110.1,.498,.549,13.9,24.3,.332,.524,.559,13.6,25.3,.265
306,2014-15,SAC,29,82,29,53,.354,-3.71,0.64,-3.07,95.4,105.3,109.2,.490,.542,14.8,26.5,.363,.507,.543,11.8,24.8,.268
307,2013-14,DET,29,82,29,53,.354,-3.66,-0.48,-4.13,94.9,105.9,109.7,.482,.514,12.9,31.4,.296,.520,.559,13.8,26.6,.288
308,2012-13,DET,29,82,29,53,.354,-3.99,-0.34,-4.33,90.8,103.8,108.1,.487,.521,14.3,28.3,.282,.505,.543,13.1,27.0,.274
309,2012-13,WAS,29,82,29,53,.354,-2.54,-0.25,-2.78,92.2,100.2,103.0,.475,.512,14.2,24.6,.261,.483,.522,13.7,25.4,.279
310,2017-18,BRK,28,82,28,54,.341,-3.74,0.07,-3.67,98.9,106.9,110.6,.514,.551,13.6,21.0,.260,.517,.553,11.0,23.0,.262
311,2016-17,PHI,28,82,28,54,.341,-5.70,-0.14,-5.83,98.5,103.2,108.9,.501,.539,14.9,22.4,.258,.512,.555,13.5,24.7,.303
312,2013-14,SAC,28,82,28,54,.341,-2.90,0.82,-2.08,94.4,105.7,108.8,.484,.532,13.9,27.8,.331,.512,.552,12.7,23.4,.318
313,2012-13,SAC,28,82,28,54,.341,-4.88,0.62,-4.26,93.6,106.2,111.4,.491,.532,13.4,26.6,.271,.517,.560,13.6,29.0,.290
314,2011-12,POR,28,66,28,38,.424,-0.62,0.41,-0.22,91.2,105.7,106.4,.488,.531,13.4,26.3,.263,.504,.540,14.1,27.2,.266
315,2022-23,CHO,27,82,27,55,.329,-6.24,0.35,-5.89,100.8,109.2,115.3,.516,.550,12.3,23.8,.261,.544,.582,12.5,24.5,.266
316,2021-22,POR,27,82,27,55,.329,-8.88,0.33,-8.55,98.3,107.8,116.9,.515,.550,13.0,22.9,.248,.559,.595,12.7,23.1,.286
317,2020-21,TOR,27,72,27,45,.375,-0.47,-0.07,-0.54,99.2,112.0,112.5,.529,.567,11.9,20.8,.241,.543,.584,14.4,23.7,.293
318,2017-18,CHI,27,82,27,55,.329,-7.04,0.20,-6.84,98.3,103.8,110.9,.497,.529,12.6,20.6,.216,.542,.575,12.4,19.4,.233
319,2017-18,SAC,27,82,27,55,.329,-6.99,0.39,-6.60,94.9,103.7,111.1,.502,.529,12.8,21.5,.194,.542,.576,13.5,22.4,.260
320,2013-14,LAL,27,82,27,55,.329,-6.29,0.96,-5.33,98.7,104.2,110.6,.505,.542,13.7,20.2,.263,.513,.546,12.4,29.0,.264
321,2012-13,NOH,27,82,27,55,.329,-3.87,0.75,-3.12,88.5,105.7,110.1,.489,.528,14.0,29.2,.248,.520,.557,13.1,25.6,.274
322,2016-17,LAL,26,82,26,56,.317,-6.88,0.58,-6.29,98.5,106.0,113.0,.501,.537,13.5,25.0,.259,.542,.577,13.0,24.2,.279
323,2011-12,MIN,26,66,26,40,.394,-2.20,0.37,-1.83,93.3,104.3,106.6,.477,.524,14.0,27.5,.306,.491,.527,12.2,27.0,.248
324,2021-22,IND,25,82,25,57,.305,-3.48,0.22,-3.26,98.0,112.6,116.1,.531,.564,12.7,25.5,.239,.552,.587,11.9,23.8,.256
325,2019-20,WAS,25,72,25,47,.347,-4.67,-0.57,-5.24,102.7,110.9,115.5,.523,.562,12.2,22.2,.270,.558,.596,13.9,24.7,.297
326,2017-18,ORL,25,82,25,57,.305,-4.82,-0.10,-4.92,98.1,105.2,110.1,.512,.545,13.3,20.0,.238,.525,.559,12.8,24.4,.243
327,2014-15,ORL,25,82,25,57,.305,-5.72,-0.15,-5.87,93.8,101.6,107.7,.494,.524,14.0,23.1,.230,.514,.551,13.6,24.0,.279
328,2013-14,BOS,25,82,25,57,.305,-4.46,-0.51,-4.97,93.3,102.9,107.7,.477,.517,14.2,27.4,.248,.505,.547,13.4,25.8,.299
329,2013-14,UTA,25,82,25,57,.305,-7.17,0.91,-6.27,91.4,103.5,111.3,.484,.523,13.9,25.5,.271,.518,.559,12.1,25.5,.293
330,2012-13,PHO,25,82,25,57,.305,-6.46,0.71,-5.75,93.4,101.2,108.1,.477,.512,14.3,27.0,.234,.512,.549,14.2,28.1,.274
331,2011-12,DET,25,66,25,41,.379,-4.79,-0.40,-5.19,89.2,101.0,106.3,.468,.510,15.0,28.1,.279,.500,.543,14.2,27.2,.295
332,2021-22,OKC,24,82,24,58,.293,-8.10,0.20,-7.90,98.5,104.6,112.8,.497,.530,12.5,21.8,.223,.533,.563,11.8,23.9,.220
333,2017-18,ATL,24,82,24,58,.293,-5.45,0.15,-5.30,98.3,105.0,110.6,.512,.547,14.1,21.1,.236,.536,.568,13.6,23.8,.237
334,2017-18,DAL,24,82,24,58,.293,-3.04,0.34,-2.70,95.6,106.3,109.5,.513,.544,11.6,18.0,.217,.532,.565,12.9,21.1,.255
335,2016-17,PHO,24,82,24,58,.293,-5.63,0.49,-5.14,100.3,106.6,112.2,.493,.538,13.4,26.0,.297,.525,.572,13.1,23.6,.338
336,2012-13,CLE,24,82,24,58,.293,-4.68,-0.19,-4.87,92.3,104.3,109.4,.473,.514,13.0,28.1,.265,.523,.561,14.4,27.4,.304
337,2010-11,NJN,24,82,24,58,.293,-6.24,-0.04,-6.28,89.9,103.1,109.9,.474,.517,13.4,26.1,.283,.503,.547,11.8,25.8,.320
338,2010-11,SAC,24,82,24,58,.293,-5.34,0.54,-4.80,95.2,103.5,109.0,.480,.519,14.4,29.9,.284,.513,.555,13.5,25.6,.305
339,2021-22,DET,23,82,23,59,.280,-7.72,0.37,-7.36,98.4,106.0,113.8,.494,.533,12.6,23.4,.249,.541,.580,13.1,24.4,.292
340,2020-21,MIN,23,72,23,49,.319,-5.56,0.31,-5.25,101.6,109.5,115.0,.520,.555,12.4,22.7,.254,.556,.591,13.3,23.2,.264
341,2019-20,CHO,23,65,23,42,.354,-6.75,-0.28,-7.03,95.8,106.3,113.3,.504,.539,13.3,23.9,.252,.546,.573,13.1,25.6,.210
342,2015-16,PHO,23,82,23,59,.280,-6.66,0.34,-6.32,98.5,102.2,109.0,.487,.526,15.2,25.4,.271,.523,.563,13.5,22.9,.317
343,2013-14,ORL,23,82,23,59,.280,-5.44,-0.44,-5.88,93.6,101.7,107.4,.487,.525,13.9,22.4,.253,.504,.544,13.0,24.5,.274
344,2011-12,GSW,23,66,23,43,.348,-3.41,0.62,-2.79,92.3,105.4,109.1,.505,.539,13.3,22.9,.227,.496,.539,13.6,30.9,.318
345,2011-12,TOR,23,66,23,43,.348,-3.30,-0.36,-3.67,89.3,100.8,104.5,.475,.518,14.8,25.9,.274,.475,.524,12.8,24.6,.350
346,2010-11,WAS,23,82,23,59,.280,-7.40,0.11,-7.30,93.8,102.4,110.2,.471,.513,13.9,28.0,.290,.512,.557,14.4,29.5,.327
347,2022-23,HOU,22,82,22,60,.268,-7.85,0.24,-7.62,99.0,111.4,119.3,.516,.554,14.0,30.2,.285,.564,.600,11.8,24.2,.275
348,2022-23,SAS,22,82,22,60,.268,-10.04,0.22,-9.82,101.6,110.2,120.0,.525,.554,13.0,25.6,.229,.576,.607,12.0,25.1,.260
349,2021-22,ORL,22,82,22,60,.268,-8.00,0.33,-7.67,99.2,104.5,112.5,.503,.538,13.0,19.8,.223,.532,.567,11.7,22.8,.254
350,2020-21,CLE,22,72,22,50,.306,-8.44,0.25,-8.19,97.3,105.8,114.4,.508,.543,13.9,23.6,.261,.556,.587,13.0,23.4,.235
351,2020-21,OKC,22,72,22,50,.306,-10.64,0.51,-10.13,101.0,103.5,114.0,.509,.539,14.2,21.2,.242,.547,.576,11.5,22.1,.216
352,2019-20,CHI,22,65,22,43,.338,-3.08,-0.93,-4.00,99.7,106.7,109.8,.515,.547,13.7,22.8,.231,.546,.585,16.3,24.4,.315
353,2018-19,CHI,22,82,22,60,.268,-8.41,0.10,-8.32,99.0,104.8,113.2,.505,.541,12.7,19.4,.235,.541,.573,11.9,22.7,.247
354,2017-18,MEM,22,82,22,60,.268,-6.21,0.39,-5.81,94.9,104.5,111.0,.500,.539,14.0,22.4,.255,.529,.573,13.8,23.5,.333
355,2011-12,NJN,22,66,22,44,.333,-5.98,-0.39,-6.37,90.1,102.9,109.6,.473,.516,14.3,27.8,.269,.513,.549,13.7,29.3,.282
356,2011-12,SAC,22,66,22,44,.333,-5.68,0.73,-4.95,94.7,103.8,109.8,.472,.510,13.0,29.1,.268,.515,.551,13.9,29.5,.262
357,2010-11,TOR,22,82,22,60,.268,-6.28,0.01,-6.28,92.9,106.1,112.9,.491,.533,13.7,28.2,.293,.522,.566,13.0,28.0,.326
358,2020-21,ORL,21,72,21,51,.292,-9.31,0.29,-9.02,98.7,105.1,114.5,.490,.527,11.5,21.6,.240,.547,.577,11.5,21.8,.215
359,2019-20,NYK,21,66,21,45,.318,-6.45,-0.26,-6.72,98.6,106.5,113.0,.501,.531,12.6,25.8,.263,.541,.577,12.4,21.7,.299
360,2017-18,PHO,21,82,21,61,.256,-9.37,0.57,-8.80,100.3,103.5,112.8,.495,.532,13.9,22.5,.275,.533,.569,11.9,23.5,.277
361,2015-16,BRK,21,82,21,61,.256,-7.35,0.24,-7.12,95.2,103.2,110.9,.492,.527,13.6,24.1,.246,.534,.565,13.1,24.3,.230
362,2014-15,LAL,21,82,21,61,.256,-6.84,0.67,-6.17,94.0,103.4,110.6,.473,.513,12.1,25.4,.276,.518,.557,12.1,23.7,.311
363,2012-13,CHA,21,82,21,61,.256,-9.23,-0.06,-9.29,91.5,101.5,111.5,.460,.507,13.2,25.7,.310,.524,.558,13.2,28.9,.264
364,2011-12,CLE,21,66,21,45,.318,-7.20,-0.14,-7.34,91.3,101.1,108.9,.463,.505,14.3,28.9,.307,.508,.544,13.1,27.8,.270
365,2011-12,NOH,21,66,21,45,.318,-3.76,0.65,-3.11,88.3,100.9,105.1,.476,.517,15.2,27.5,.274,.485,.528,13.5,26.9,.287
366,2021-22,HOU,20,82,20,62,.244,-8.48,0.22,-8.26,100.9,108.4,116.7,.534,.565,14.5,21.7,.284,.554,.589,12.3,25.6,.263
367,2020-21,DET,20,72,20,52,.278,-4.47,0.09,-4.38,97.9,108.0,112.5,.519,.556,13.5,21.9,.273,.541,.574,12.6,23.1,.257
368,2019-20,ATL,20,67,20,47,.299,-7.97,0.27,-7.71,103.0,107.2,114.8,.515,.554,13.8,21.6,.258,.543,.582,12.7,25.1,.303
369,2019-20,DET,20,66,20,46,.303,-3.56,-0.82,-4.38,97.6,109.0,112.7,.529,.561,13.8,22.6,.261,.541,.574,12.7,24.1,.239
370,2016-17,BRK,20,82,20,62,.244,-6.73,-0.01,-6.74,101.3,104.1,110.7,.507,.551,14.7,19.6,.289,.513,.552,11.6,23.9,.275
371,2012-13,ORL,20,82,20,62,.244,-6.99,-0.14,-7.12,92.2,101.6,109.1,.485,.514,13.7,25.4,.197,.508,.543,11.8,25.4,.265
372,2011-12,WAS,20,66,20,46,.303,-4.80,-0.34,-5.14,92.5,101.0,106.2,.472,.508,14.2,27.3,.253,.492,.536,14.2,29.1,.302
373,2019-20,CLE,19,65,19,46,.292,-7.89,0.12,-7.77,98.7,107.5,115.4,.522,.553,14.6,24.6,.227,.560,.587,11.7,22.6,.214
374,2019-20,MIN,19,64,19,45,.297,-4.30,0.28,-4.02,103.4,108.1,112.2,.514,.551,13.0,22.1,.277,.541,.579,13.2,22.8,.279
375,2018-19,CLE,19,82,19,63,.232,-9.61,0.22,-9.39,96.6,107.7,117.6,.503,.540,12.2,23.7,.236,.564,.593,11.5,23.0,.235
376,2018-19,PHO,19,82,19,63,.232,-9.34,0.73,-8.61,100.5,105.9,115.1,.514,.552,13.8,20.5,.259,.545,.582,13.5,27.5,.313
377,2013-14,PHI,19,82,19,63,.232,-10.45,-0.21,-10.66,99.2,99.4,109.9,.475,.510,14.8,24.8,.268,.524,.565,14.9,27.6,.324
378,2010-11,CLE,19,82,19,63,.232,-9.01,0.14,-8.88,93.0,102.2,111.8,.472,.518,13.4,24.2,.312,.524,.561,12.7,26.7,.278
379,2014-15,PHI,18,82,18,64,.220,-8.98,-0.07,-9.04,95.7,95.5,104.8,.459,.494,16.0,25.5,.288,.497,.539,15.2,27.0,.298
380,2022-23,DET,17,82,17,65,.207,-8.22,0.49,-7.73,99.0,110.7,118.9,.520,.561,13.3,24.9,.295,.557,.595,11.9,26.0,.298
381,2020-21,HOU,17,72,17,55,.236,-7.90,0.40,-7.50,101.4,107.1,114.9,.521,.553,13.0,19.8,.252,.555,.589,12.9,22.9,.256
382,2018-19,NYK,17,82,17,65,.207,-9.21,0.28,-8.93,99.6,104.5,113.7,.490,.529,12.4,22.1,.270,.533,.568,11.7,23.9,.265
383,2015-16,LAL,17,82,17,65,.207,-9.56,0.64,-8.92,95.6,101.6,111.6,.460,.509,12.5,23.1,.292,.523,.556,11.6,25.3,.277
384,2014-15,NYK,17,82,17,65,.207,-9.32,-0.18,-9.50,91.2,99.9,110.0,.470,.508,14.0,24.5,.234,.512,.554,13.3,26.9,.308
385,2010-11,MIN,17,82,17,65,.207,-6.63,0.67,-5.97,96.5,104.2,111.1,.483,.526,15.1,29.6,.282,.514,.560,13.1,26.3,.323
386,2014-15,MIN,16,82,16,66,.195,-8.79,0.79,-8.00,94.4,102.9,112.2,.468,.517,13.7,26.6,.309,.537,.569,13.9,28.4,.246
387,2019-20,GSW,15,65,15,50,.231,-8.71,0.59,-8.12,100.3,105.2,113.8,.497,.540,13.2,21.5,.264,.553,.586,13.7,23.6,.247
388,2013-14,MIL,15,82,15,67,.183,-8.18,-0.23,-8.41,91.8,103.0,111.8,.479,.519,14.1,27.1,.274,.520,.559,13.2,28.6,.299
389,2015-16,PHI,10,82,10,72,.122,-10.23,0.31,-9.92,97.9,98.8,109.2,.487,.519,14.8,20.6,.269,.510,.555,13.5,26.0,.306
390,2011-12,CHA,7,66,7,59,.106,-13.91,-0.05,-13.96,91.1,95.2,110.4,.439,.483,13.9,23.6,.276,.512,.549,12.8,29.1,.275