Team,FG,FGA,2PA,3P,3PA,DRB,PTS,Pace,ORtg,eFG%,TS%,TOV%
GSW,42.5,87.3,55.7,13.1,31.6,36.2,114.9,99.3,114.5,0.563,0.593,13.5
GSW,43.1,87.1,55.8,12.0,31.2,35.0,115.9,99.8,115.6,0.563,0.597,13.2
SAS,40.1,82.9,64.4,7.0,18.5,34.5,103.5,93.8,110.3,0.526,0.564,12.4
GSW,41.6,87.0,60.0,10.8,27.0,34.3,110.0,98.3,111.6,0.54,0.571,13.1
MIA,38.4,77.4,55.4,8.7,22.1,30.4,102.9,90.7,112.3,0.552,0.588,13.7
HOU,38.7,84.2,41.9,15.3,42.3,34.5,112.4,97.6,114.7,0.551,0.59,12.7
PHO,43.7,90.1,58.2,11.6,31.9,35.5,114.8,99.8,114.8,0.549,0.581,11.6
SAS,40.6,83.5,62.0,8.5,21.4,34.0,105.4,95.0,110.5,0.537,0.571,13.5
CHI,37.1,80.3,63.1,6.2,17.3,32.4,98.6,90.4,108.3,0.501,0.541,13.5
SAS,39.3,83.7,60.2,9.2,23.5,33.9,105.3,94.2,111.1,0.524,0.564,12.6
SAS,38.4,80.8,59.8,8.4,21.1,31.7,103.7,92.3,111.8,0.527,0.567,12.8
MIL,43.4,91.1,52.9,13.5,38.2,40.4,118.1,103.3,113.8,0.55,0.583,12.0
ATL,38.1,81.7,55.5,10.0,26.2,31.8,102.5,93.9,108.9,0.527,0.563,13.5
OKC,38.1,79.3,60.0,7.3,19.4,33.2,105.7,93.3,112.4,0.527,0.58,14.4
TOR,41.3,87.4,54.4,11.8,33.0,34.2,111.7,97.4,113.8,0.539,0.575,12.1
OKC,39.0,82.7,60.3,8.1,22.4,33.9,106.2,95.4,110.5,0.52,0.566,14.0
MIL,42.7,90.4,50.1,14.8,40.3,37.5,116.9,100.5,115.4,0.555,0.583,12.7
TOR,42.2,89.1,55.3,12.4,33.8,35.6,114.4,100.2,113.1,0.543,0.579,12.4
GSW,42.8,85.1,56.2,11.3,28.9,35.1,113.5,99.6,113.6,0.569,0.603,14.1
SAS,39.1,81.4,59.9,8.1,21.5,33.2,103.0,94.2,108.3,0.531,0.568,14.0
MIA,37.0,76.8,58.8,6.7,18.0,32.5,102.1,90.9,111.7,0.524,0.573,13.5
BOS,42.2,88.8,46.2,16.0,42.6,35.6,117.9,98.5,118.0,0.566,0.6,12.0
GSW,44.0,89.8,55.3,13.3,34.4,36.5,117.7,100.9,115.9,0.565,0.596,12.6
CLE,38.7,84.0,54.4,10.7,29.6,33.9,104.3,93.3,110.9,0.524,0.558,12.7
LAC,39.1,82.5,58.5,8.5,24.0,32.5,107.9,95.9,112.1,0.526,0.567,12.7
DEN,40.7,85.2,66.6,6.4,18.5,31.7,106.1,95.1,110.4,0.515,0.549,13.6
DAL,37.4,78.8,57.3,7.9,21.6,31.9,100.2,91.3,109.7,0.525,0.565,13.6
LAL,38.1,82.4,64.3,6.4,18.1,31.9,101.5,90.7,111.0,0.502,0.545,12.3
MEM,43.5,94.4,61.7,11.5,32.7,35.0,115.6,100.3,114.6,0.522,0.553,11.2
MIL,43.3,90.9,52.0,13.8,38.9,42.2,118.7,105.1,112.4,0.552,0.583,12.9
TOR,36.7,81.3,58.0,8.6,23.4,33.2,102.7,92.9,110.0,0.504,0.552,12.3
HOU,37.0,83.3,50.6,11.4,32.7,32.0,103.9,96.5,107.0,0.512,0.548,15.0
LAC,39.4,83.3,56.4,10.1,26.9,33.1,106.7,94.7,112.4,0.533,0.565,11.6
IND,36.0,80.2,61.4,6.7,18.8,34.5,96.7,92.5,104.1,0.49,0.535,14.3
LAC,38.5,80.6,59.2,7.6,21.4,30.2,101.1,91.1,110.6,0.526,0.557,13.9
MEM,36.1,81.5,68.0,4.7,13.5,29.8,93.4,88.4,104.9,0.472,0.514,13.3
BOS,36.9,75.8,62.2,5.0,13.6,31.0,96.5,90.4,106.2,0.519,0.561,14.5
BOS,38.3,85.1,54.7,11.5,30.4,35.1,104.0,96.0,107.6,0.518,0.552,13.0
HOU,40.3,87.2,46.9,14.4,40.3,33.5,115.3,100.0,114.7,0.545,0.583,13.3
OKC,41.1,86.4,62.6,8.3,23.7,35.6,110.2,96.7,113.1,0.524,0.565,14.0
MEM,37.8,82.5,67.3,5.2,15.2,32.1,98.3,92.0,105.7,0.489,0.531,12.6
SAS,39.1,83.6,61.1,8.3,22.5,33.8,103.2,93.8,108.5,0.517,0.555,13.1
OKC,37.4,80.6,63.5,5.9,17.1,31.8,104.8,92.7,111.2,0.501,0.561,13.1
PHI,40.8,83.8,51.2,12.6,32.6,32.2,115.2,96.9,117.7,0.563,0.608,12.6
DEN,41.9,90.0,58.7,11.0,31.4,34.5,110.7,97.7,113.0,0.527,0.558,11.9
HOU,38.0,80.5,54.0,9.5,26.6,34.1,107.7,96.3,111.0,0.531,0.571,14.6
MIA,38.3,76.5,54.2,8.1,22.3,29.2,102.2,91.2,110.9,0.554,0.59,14.6
POR,39.1,87.0,61.7,9.4,25.3,34.0,106.7,94.9,111.5,0.504,0.548,12.4
NYK,36.5,81.6,52.7,10.9,28.9,29.7,100.0,89.8,111.1,0.515,0.55,11.7
DEN,43.6,86.4,55.2,11.8,31.2,32.9,115.8,98.1,117.6,0.573,0.601,13.1
GSW,40.5,86.4,47.0,14.3,39.4,35.7,111.0,98.4,112.5,0.552,0.582,13.5
MIA,39.6,84.8,49.0,13.6,35.8,33.9,110.0,95.9,113.7,0.547,0.584,13.4
TOR,40.2,87.9,50.9,13.8,37.0,35.9,112.8,100.9,111.1,0.536,0.574,13.1
POR,42.3,90.6,59.8,11.0,30.7,36.2,114.7,99.1,114.7,0.528,0.568,12.1
HOU,39.2,87.4,42.0,16.1,45.4,31.9,113.9,97.9,115.5,0.542,0.581,12.0
BOS,38.6,85.1,51.7,12.0,33.4,32.9,108.0,96.8,111.2,0.525,0.567,12.2
LAC,38.3,82.4,55.7,9.7,26.7,33.3,104.5,95.8,108.3,0.524,0.556,12.1
CLE,37.7,82.2,54.7,10.1,27.5,31.9,103.1,92.3,111.1,0.52,0.557,13.4
DAL,39.3,85.1,47.8,13.1,37.4,33.8,108.0,95.4,112.8,0.538,0.572,11.7
UTA,41.3,88.1,45.1,16.7,43.0,37.6,116.4,98.5,117.6,0.563,0.597,12.7
LAL,42.3,88.3,56.7,11.0,31.6,35.1,113.4,100.9,112.0,0.542,0.573,13.3
PHI,40.8,86.6,56.7,11.0,29.8,36.5,109.8,99.8,109.5,0.535,0.568,14.6
ORL,36.0,78.2,52.5,9.4,25.6,32.7,99.2,91.2,107.9,0.521,0.554,14.3
CLE,41.6,85.2,53.6,11.6,31.6,31.4,112.3,95.7,116.1,0.556,0.59,12.3
MEM,43.7,92.1,57.9,12.0,34.2,34.6,116.9,101.1,115.1,0.54,0.57,11.7
BOS,40.7,87.4,50.3,13.2,37.1,35.5,111.8,96.6,114.4,0.542,0.578,12.4
PHI,39.4,84.5,52.7,11.6,31.8,33.8,109.9,96.2,113.5,0.534,0.578,11.6
MIL,41.8,89.4,51.0,14.1,38.4,36.5,115.5,99.9,115.1,0.546,0.58,11.9
PHO,43.3,88.3,53.7,13.1,34.6,34.2,115.3,97.2,117.2,0.564,0.597,11.5
PHI,41.5,88.2,58.0,10.8,30.2,36.9,115.2,101.6,112.6,0.532,0.574,12.9
UTA,37.0,79.5,53.5,9.6,26.0,33.8,100.7,91.6,109.6,0.526,0.563,13.2
TOR,39.2,84.4,60.0,8.8,24.3,32.6,106.9,94.7,112.3,0.517,0.561,11.8
CLE,39.9,84.9,51.0,13.0,33.9,34.4,110.3,96.2,113.6,0.547,0.58,12.6
LAC,39.5,83.2,55.8,10.3,27.4,34.0,108.7,96.1,112.7,0.537,0.574,12.0
POR,38.7,86.0,58.8,9.8,27.2,35.1,102.8,94.2,108.2,0.508,0.544,12.6
GSW,39.5,85.4,60.6,9.4,24.8,34.4,104.3,96.2,107.5,0.517,0.55,13.8
UTA,40.4,86.4,52.4,12.1,34.0,36.4,111.7,100.3,110.9,0.538,0.572,13.4
CLE,40.4,84.8,52.6,12.0,32.1,33.7,110.9,98.0,112.9,0.547,0.584,12.6
CHI,36.6,82.9,60.6,7.9,22.3,34.0,100.8,92.8,107.5,0.489,0.536,12.9
DAL,39.7,85.8,60.4,8.9,25.4,31.8,105.2,95.2,109.5,0.515,0.55,11.9
MEM,38.1,82.0,68.0,4.9,14.0,30.8,96.1,89.9,106.3,0.494,0.529,13.1
CHI,37.4,82.8,65.8,6.3,16.9,32.8,96.3,89.1,107.4,0.49,0.523,13.2
SAS,39.6,82.8,61.5,8.4,21.3,32.6,103.7,92.9,110.9,0.528,0.562,12.8
DEN,38.4,80.6,59.9,8.1,20.8,32.3,107.5,95.6,112.3,0.526,0.574,13.1
UTA,40.6,86.2,45.8,14.5,40.3,35.6,113.6,97.1,116.7,0.555,0.589,12.7
PHI,41.4,86.9,56.8,11.3,30.1,35.0,113.6,99.5,113.2,0.541,0.579,12.8
LAC,41.6,89.2,55.8,12.4,33.5,37.0,116.3,101.5,113.9,0.535,0.577,12.6
OKC,42.6,94.0,61.3,11.4,32.6,35.5,114.5,102.8,110.3,0.514,0.545,11.7
BOS,42.1,90.5,56.0,12.6,34.5,34.7,112.4,99.6,112.2,0.534,0.567,11.5
POR,39.3,87.0,58.8,10.3,28.1,35.3,105.6,96.5,109.1,0.511,0.549,12.3
WAS,41.3,87.0,62.3,9.2,24.8,32.6,109.2,97.4,111.2,0.528,0.564,12.8
TOR,37.9,83.3,58.2,8.9,25.1,30.8,104.0,92.8,111.0,0.508,0.553,12.0
DAL,39.6,83.6,60.7,8.8,22.9,30.7,104.8,93.5,111.2,0.526,0.564,12.7
IND,35.1,80.6,60.8,6.9,19.7,33.0,94.7,90.2,104.3,0.479,0.521,14.3
BRK,35.9,79.8,58.3,7.7,21.5,30.0,96.9,88.8,108.2,0.498,0.536,14.0
SAC,43.6,88.2,50.9,13.8,37.3,32.9,120.7,100.3,119.4,0.572,0.608,12.0
DEN,41.7,86.3,50.4,12.7,35.9,34.9,112.7,97.8,114.5,0.556,0.59,13.2
TOR,40.6,91.3,57.1,11.9,34.2,32.0,109.4,96.0,112.9,0.51,0.543,11.0
BRK,43.1,87.3,51.2,14.2,36.1,35.5,118.6,99.5,118.3,0.575,0.61,12.2
BOS,41.3,89.6,55.0,12.6,34.5,35.4,113.7,99.5,113.3,0.531,0.57,12.2
IND,41.3,87.0,61.6,9.5,25.4,33.7,108.0,98.1,109.9,0.53,0.561,12.4
LAC,41.3,87.5,61.7,10.0,25.8,35.8,115.1,101.7,112.4,0.529,0.575,12.7
SAS,42.3,88.4,63.1,9.9,25.3,35.5,111.7,98.3,112.9,0.534,0.572,11.0
NOP,42.7,88.3,60.1,10.2,28.2,35.7,111.7,100.5,109.6,0.541,0.573,13.3
IND,40.8,86.4,61.9,9.0,24.5,32.7,105.6,96.0,109.5,0.525,0.557,12.3
OKC,39.9,88.1,57.7,10.7,30.4,32.6,107.9,96.7,110.7,0.514,0.546,12.4
UTA,38.3,82.9,53.3,10.8,29.6,34.2,104.1,95.7,108.4,0.527,0.564,13.7
ATL,38.6,84.4,56.1,9.9,28.4,33.8,102.8,97.1,105.1,0.516,0.552,13.8
BOS,39.2,89.2,63.1,8.7,26.1,33.3,105.7,98.5,106.8,0.488,0.531,12.1
CHO,37.0,84.4,55.0,10.6,29.4,35.0,103.4,95.7,107.1,0.502,0.545,11.7
MIA,38.4,81.7,63.6,6.1,18.0,34.3,100.0,93.6,106.1,0.508,0.545,13.3
CHI,34.7,80.2,62.4,6.2,17.8,32.7,93.7,90.2,102.5,0.471,0.518,14.2
PHO,38.7,83.5,58.4,9.3,25.1,31.7,105.2,95.8,109.5,0.519,0.558,14.0
TOR,36.5,81.9,58.5,8.7,23.4,31.1,101.3,91.8,108.8,0.498,0.545,13.2
POR,36.0,80.5,62.1,6.3,18.3,27.2,96.3,87.9,108.8,0.486,0.533,12.6
NYK,42.0,89.4,53.6,12.6,35.7,34.0,116.0,97.1,117.8,0.541,0.577,11.4
SAS,39.0,85.4,61.2,8.5,24.1,33.9,102.7,95.0,107.9,0.507,0.543,12.2
MIN,41.0,86.1,63.6,8.0,22.5,31.6,109.5,96.0,113.4,0.523,0.566,11.4
OKC,39.5,87.4,61.6,8.4,25.8,34.4,106.6,97.8,108.3,0.5,0.54,13.2
GSW,38.2,83.4,63.5,8.0,19.9,34.2,101.2,94.5,106.4,0.506,0.545,14.0
OKC,37.3,79.2,59.3,7.2,20.0,32.7,103.1,93.0,109.8,0.516,0.567,15.3
MIN,41.6,91.0,49.7,14.8,41.3,32.9,115.9,100.9,114.3,0.539,0.573,12.4
CHI,41.7,86.9,58.1,10.6,28.8,33.7,111.6,98.3,113.2,0.541,0.579,11.8
MIL,44.7,91.8,54.7,14.4,37.1,37.8,120.1,102.2,117.2,0.566,0.593,12.0
DEN,42.0,88.9,58.3,11.0,30.6,33.4,111.3,97.1,113.1,0.535,0.567,12.3
DEN,40.7,86.6,55.7,11.5,30.9,33.5,110.0,96.8,112.5,0.536,0.57,13.4
WAS,38.3,82.8,66.0,6.1,16.8,34.2,98.5,93.7,103.7,0.499,0.534,14.0
MIA,37.1,79.0,63.4,5.6,15.6,31.2,98.5,91.2,106.6,0.505,0.549,14.5
MEM,39.0,82.9,71.6,3.8,11.3,29.2,99.9,91.9,107.6,0.493,0.534,13.0
NOH,35.9,78.2,63.2,5.4,15.0,30.1,94.9,88.7,106.2,0.493,0.537,12.8
PHO,42.1,90.1,57.5,12.2,32.6,32.4,113.6,98.2,115.1,0.535,0.57,12.0
BRK,41.5,85.1,51.3,12.8,33.8,32.3,113.4,98.3,115.0,0.562,0.598,12.7
IND,42.1,88.5,60.4,10.2,28.0,34.1,109.4,98.9,110.0,0.534,0.565,12.0
IND,38.3,85.2,62.1,8.1,23.0,33.9,102.2,96.6,104.6,0.497,0.536,13.5
NOP,37.9,82.9,63.6,7.1,19.3,32.0,99.4,91.4,108.2,0.501,0.537,12.5
OKC,38.8,86.8,64.1,7.7,22.7,34.7,104.0,95.7,107.8,0.492,0.532,13.1
CHI,35.7,81.7,66.3,5.4,15.4,30.7,93.2,89.3,103.5,0.47,0.512,13.6
HOU,38.1,82.7,53.8,10.6,28.9,32.3,106.0,96.1,109.7,0.525,0.564,14.9
LAL,37.1,81.0,56.4,8.7,24.6,33.3,102.2,94.4,107.8,0.512,0.548,13.9
MIA,39.2,85.3,50.5,12.0,34.8,30.9,109.5,96.3,113.0,0.53,0.574,12.4
BRK,42.0,88.4,56.7,11.5,31.7,34.1,112.9,99.0,113.6,0.54,0.576,12.5
CLE,39.7,84.6,51.9,11.6,32.8,34.0,107.8,96.1,111.9,0.538,0.571,13.2
MIA,39.5,84.4,49.0,13.4,35.4,35.9,112.0,98.3,112.5,0.547,0.587,13.5
UTA,40.1,85.1,49.9,13.4,35.2,35.8,111.3,98.6,112.3,0.549,0.585,13.7
MIL,39.7,83.0,58.3,8.8,24.7,31.5,106.5,96.2,109.8,0.531,0.571,12.9
MIA,38.8,85.3,54.8,11.0,30.6,34.2,103.4,95.6,106.8,0.52,0.551,13.3
DET,37.9,86.4,60.2,9.0,26.2,33.9,102.0,95.1,106.1,0.491,0.522,12.2
POR,38.6,85.9,57.4,10.5,28.5,33.9,105.1,96.0,108.8,0.511,0.548,13.2
BRK,35.7,77.9,54.5,8.6,23.4,29.4,98.5,91.4,106.7,0.514,0.555,14.1
WAS,38.7,84.4,63.6,7.9,20.8,31.4,100.7,93.2,106.0,0.506,0.538,13.6
ATL,37.6,81.0,57.8,8.6,23.2,31.6,98.0,92.6,104.8,0.517,0.546,14.2
ATL,36.2,78.4,61.0,6.1,17.4,30.0,95.0,89.3,106.1,0.501,0.542,13.5
LAL,42.9,89.0,57.8,10.8,31.2,35.7,117.2,101.3,114.5,0.542,0.582,12.3
ATL,41.5,88.3,53.9,12.9,34.4,33.9,113.9,97.7,116.5,0.543,0.581,10.8
CHO,42.8,91.4,53.3,13.9,38.2,33.7,115.3,100.0,114.1,0.544,0.572,11.6
DAL,41.7,90.3,49.0,15.1,41.3,36.4,117.0,99.3,116.7,0.545,0.581,11.2
PHI,41.1,87.9,56.3,11.6,31.6,35.0,110.7,99.0,111.3,0.534,0.566,12.7
WAS,39.9,85.6,59.1,9.9,26.5,33.1,106.6,96.6,109.3,0.525,0.56,13.3
ATL,38.1,84.4,58.3,8.9,26.1,34.1,103.2,97.4,104.9,0.504,0.541,14.2
MEM,36.4,83.6,57.1,9.4,26.5,32.0,100.5,92.3,107.7,0.491,0.535,12.1
CHA,36.3,82.1,64.1,6.3,17.9,33.2,96.9,92.4,103.6,0.481,0.522,11.7
UTA,37.1,81.8,64.9,6.2,16.9,30.0,98.0,90.9,106.7,0.492,0.533,13.8
HOU,38.7,85.1,62.6,8.3,22.5,31.1,105.9,94.2,111.3,0.503,0.55,12.3
MIN,42.9,87.4,54.1,12.2,33.3,32.8,115.8,101.0,113.7,0.56,0.592,13.6
NOP,42.0,87.6,57.5,11.0,30.1,33.1,114.4,99.1,114.4,0.543,0.582,12.9
LAC,40.1,87.4,53.3,12.8,34.2,34.9,108.4,98.0,110.1,0.531,0.564,12.5
POR,41.3,91.1,50.3,15.7,40.8,33.9,116.1,98.4,117.8,0.54,0.577,9.9
ORL,40.4,89.1,57.0,11.4,32.1,35.4,107.3,98.1,108.9,0.518,0.55,11.9
BRK,40.3,89.7,53.6,12.8,36.2,35.6,112.2,100.8,109.6,0.52,0.556,13.0
LAC,40.3,85.4,58.6,9.5,26.8,33.7,109.0,98.7,110.3,0.527,0.564,13.2
IND,39.3,84.5,61.5,8.6,23.0,33.0,105.1,95.9,108.6,0.516,0.558,12.8
MIL,38.8,81.9,58.2,8.8,23.7,31.6,103.6,94.5,109.1,0.527,0.565,13.2
CHI,38.6,87.4,66.1,7.9,21.4,35.2,101.6,95.7,105.0,0.487,0.526,12.6
DAL,37.4,84.1,55.6,9.8,28.6,33.9,102.3,94.3,106.7,0.502,0.544,12.0
MEM,36.8,83.6,65.1,6.1,18.5,30.5,99.1,93.3,105.4,0.477,0.524,12.3
IND,35.7,81.4,65.3,5.9,16.1,31.4,97.7,90.7,106.7,0.474,0.526,13.1
NYK,38.3,83.7,58.4,9.3,25.4,30.1,106.5,95.6,110.9,0.513,0.561,12.6
TOR,41.9,91.3,59.3,10.7,32.0,30.3,112.9,97.1,115.5,0.517,0.555,10.3
ATL,44.6,92.4,61.8,10.8,30.5,33.2,118.4,100.7,116.6,0.541,0.579,11.2
ATL,40.8,87.2,53.9,12.4,33.4,35.1,113.7,97.6,115.7,0.539,0.581,11.9
NYK,39.4,86.5,56.4,11.8,30.0,35.5,107.0,95.9,110.6,0.524,0.559,11.9
DET,38.8,88.3,53.5,12.1,34.8,33.6,107.0,97.4,109.0,0.509,0.544,12.3
POR,39.5,86.1,58.4,10.4,27.7,33.5,107.9,96.7,110.3,0.52,0.559,12.5
CHI,38.6,87.1,64.8,7.6,22.3,34.1,102.9,95.3,107.4,0.487,0.53,12.3
MIA,39.0,85.8,58.8,9.9,27.0,33.0,103.2,95.2,107.8,0.512,0.541,12.4
HOU,37.7,83.5,52.6,10.7,30.9,31.7,106.5,97.6,108.3,0.516,0.553,14.2
WAS,39.5,85.8,61.6,8.6,24.2,32.8,104.1,98.5,105.3,0.511,0.544,13.1
MIL,37.6,82.0,63.7,6.6,18.3,31.4,97.8,94.1,102.7,0.499,0.536,15.5
BOS,37.0,79.7,62.6,6.1,17.2,31.3,96.5,91.7,103.1,0.503,0.542,14.1
DAL,38.8,84.0,64.2,7.4,19.9,32.6,101.1,94.1,105.9,0.506,0.544,13.0
LAL,36.8,80.6,63.7,5.5,16.8,34.1,97.3,90.5,106.0,0.491,0.534,14.2
MEM,36.7,82.2,69.3,4.2,12.9,29.5,95.0,90.8,104.0,0.473,0.515,13.6
PHI,38.1,82.6,67.4,5.4,15.2,31.4,99.0,91.7,106.6,0.494,0.535,12.3
CHI,42.5,86.8,57.9,10.4,28.9,33.9,113.1,98.5,113.5,0.55,0.587,12.2
OKC,43.1,92.6,58.5,12.1,34.1,32.3,117.5,101.1,115.2,0.531,0.57,11.2
MIA,39.2,83.7,47.5,12.9,36.2,33.5,108.1,96.6,111.2,0.546,0.581,13.1
DEN,41.2,87.7,58.9,10.6,28.8,34.6,111.7,98.3,113.2,0.53,0.568,13.2
UTA,36.1,80.4,56.5,8.5,23.9,32.5,97.7,91.0,105.9,0.501,0.54,14.2
BOS,38.9,87.9,63.3,8.0,24.6,32.7,101.4,95.8,104.7,0.489,0.523,12.5
MIN,38.9,87.5,66.1,7.3,21.4,32.2,106.9,97.3,108.9,0.486,0.535,12.2
ATL,36.8,81.0,60.9,7.5,20.2,31.3,96.6,90.2,104.9,0.5,0.535,13.4
LAC,37.0,81.3,59.5,7.8,21.8,29.4,97.5,89.2,108.5,0.502,0.533,12.7
PHO,39.3,83.5,60.8,8.5,22.6,30.2,105.0,94.4,109.5,0.522,0.559,13.2
GSW,41.3,88.2,49.4,14.6,38.7,35.1,113.7,102.2,111.1,0.551,0.583,13.3
CHO,40.2,89.8,55.8,11.9,33.9,33.9,110.7,98.7,111.4,0.514,0.554,10.9
MIA,39.6,88.0,55.6,11.3,32.4,35.1,105.7,98.2,107.3,0.515,0.542,13.1
SAC,43.2,93.1,63.2,11.3,29.9,34.4,114.2,103.1,110.4,0.524,0.554,11.5
DET,39.1,86.9,58.0,10.8,28.9,33.6,103.8,96.2,107.2,0.512,0.543,12.3
PHO,38.8,85.8,60.9,8.5,25.0,32.2,102.4,96.3,105.3,0.501,0.537,13.7
BOS,35.5,77.1,62.1,5.5,15.0,31.1,91.8,90.4,101.0,0.496,0.535,14.7
UTA,37.4,80.4,65.0,5.3,15.3,28.5,99.4,91.0,108.1,0.498,0.544,13.5
DAL,40.0,84.3,43.3,15.2,41.0,31.2,114.2,96.6,116.8,0.565,0.599,11.4
MEM,42.8,91.8,60.4,11.2,31.4,35.3,113.3,100.4,112.0,0.528,0.56,11.6
IND,36.6,83.2,62.0,7.5,21.2,34.4,97.3,93.2,103.5,0.484,0.523,13.1
BRK,37.4,83.0,63.1,6.6,19.9,32.0,98.0,92.7,104.4,0.491,0.529,13.0
UTA,35.4,79.2,57.5,7.4,21.7,31.9,95.1,90.4,105.1,0.494,0.531,14.6
ATL,37.3,81.6,55.8,9.4,25.8,31.3,101.0,94.6,105.9,0.515,0.554,14.3
MIL,38.1,87.8,67.4,7.3,20.4,30.9,98.9,94.7,103.6,0.476,0.51,12.7
DEN,39.0,81.9,62.0,6.6,19.9,31.9,104.1,94.2,109.2,0.516,0.556,14.1
UTA,42.5,89.8,52.0,13.3,37.8,34.1,117.1,100.5,115.8,0.547,0.584,13.3
NYK,37.7,86.2,49.3,13.2,36.9,34.6,106.5,95.9,110.4,0.513,0.55,12.0
LAL,42.6,90.5,59.6,10.3,31.0,36.4,111.8,103.2,107.8,0.527,0.554,13.4
DET,39.9,88.8,65.5,7.7,23.4,34.6,101.3,95.0,106.0,0.492,0.521,10.9
MIA,35.2,77.2,57.0,6.8,20.2,30.0,94.7,90.9,103.9,0.5,0.54,14.5
NYK,36.9,82.2,57.3,9.3,24.9,29.7,98.6,90.3,108.3,0.505,0.541,12.5
ORL,34.5,78.2,51.2,10.2,27.0,31.2,94.2,89.0,105.0,0.506,0.533,14.5
IND,36.6,82.8,62.6,7.1,20.2,32.4,99.8,94.7,104.8,0.486,0.533,14.1
NOP,40.2,88.0,55.9,10.6,32.1,33.2,109.3,97.2,112.0,0.517,0.557,12.5
BOS,41.5,88.9,52.5,13.6,36.4,33.6,112.6,98.3,114.0,0.543,0.574,12.5
MIN,41.6,91.3,62.5,10.1,28.7,33.5,112.5,100.2,111.4,0.511,0.552,11.4
CHO,39.0,86.7,59.4,10.0,27.2,35.4,108.2,98.4,109.4,0.508,0.549,11.4
CHO,37.7,85.4,56.7,10.0,28.6,34.8,104.9,95.7,108.8,0.501,0.547,10.7
DEN,38.4,85.9,62.0,8.6,23.9,33.1,104.4,98.1,106.0,0.497,0.536,14.0
DAL,36.3,82.0,59.8,7.5,22.2,32.7,95.8,91.4,103.3,0.489,0.527,13.4
NYK,35.8,80.8,57.5,7.8,23.3,30.5,97.8,93.2,104.4,0.492,0.533,14.9
UTA,38.2,83.8,71.0,4.1,12.8,31.1,99.7,91.4,106.8,0.481,0.525,13.0
GSW,39.6,85.9,64.6,8.4,21.3,28.9,103.4,94.8,108.2,0.51,0.544,13.3
IND,42.0,89.6,52.6,13.6,37.0,31.4,116.3,101.1,114.6,0.545,0.581,13.0
WAS,42.1,86.9,55.2,11.3,31.7,34.2,113.2,98.6,114.4,0.55,0.585,12.7
WAS,40.6,86.0,55.4,10.5,30.6,34.1,108.6,97.0,111.1,0.532,0.568,12.1
BRK,40.4,90.3,52.1,13.1,38.1,37.3,111.8,101.4,108.9,0.52,0.554,13.1
POR,42.2,91.2,57.1,12.9,34.1,35.1,115.0,100.7,113.7,0.533,0.57,11.2
LAL,40.7,88.4,59.3,10.0,29.1,35.7,108.1,100.3,106.5,0.517,0.548,13.8
ORL,39.5,86.8,64.7,7.8,22.2,33.0,102.1,96.0,105.1,0.5,0.533,12.8
PHI,37.4,83.6,69.0,5.3,14.6,32.5,93.6,89.7,103.9,0.48,0.511,10.9
MIL,34.3,79.8,62.6,5.9,17.2,30.2,91.9,89.8,101.6,0.467,0.511,13.0
ORL,40.5,86.3,55.2,10.8,31.1,33.1,111.4,99.3,111.6,0.532,0.573,13.4
SAS,43.2,92.7,60.7,11.3,32.0,34.3,113.2,100.0,112.4,0.527,0.556,11.1
IND,43.3,91.2,57.3,12.3,34.0,33.7,115.3,101.6,112.4,0.542,0.575,11.9
WAS,43.2,90.9,61.9,10.2,29.0,35.5,116.6,104.1,111.2,0.531,0.569,12.3
MEM,42.5,90.9,59.4,10.9,31.5,36.2,112.6,102.8,109.2,0.528,0.561,13.2
PHO,41.2,88.1,56.3,11.4,31.8,33.8,113.6,101.3,111.7,0.532,0.576,13.0
NOP,39.1,87.0,60.2,9.4,26.8,35.1,104.3,98.0,105.2,0.504,0.539,11.7
NOP,37.8,82.5,66.6,5.9,15.9,30.3,99.7,92.2,107.2,0.495,0.537,12.9
PHI,37.3,84.1,66.5,6.3,17.5,30.4,93.2,91.0,102.0,0.481,0.509,12.5
TOR,36.3,81.5,61.2,7.0,20.3,29.6,97.2,90.4,105.9,0.488,0.532,13.0
HOU,37.7,84.0,63.8,7.2,20.2,30.5,98.1,91.7,105.5,0.492,0.529,13.5
CHA,35.0,77.6,63.0,4.8,14.7,29.8,93.3,89.6,103.4,0.482,0.528,14.1
POR,40.5,85.4,50.1,12.9,35.3,31.1,113.4,98.6,114.8,0.549,0.589,13.1
LAL,41.6,88.8,54.3,12.0,34.5,34.5,112.1,100.1,110.3,0.537,0.567,12.8
CHO,39.9,87.8,50.8,13.7,37.0,33.2,109.5,98.3,110.9,0.532,0.564,13.3
SAS,41.9,90.5,62.1,9.9,28.4,34.6,111.1,98.9,111.0,0.517,0.554,10.2
ORL,39.3,88.6,56.4,11.1,32.2,34.2,107.3,98.6,108.5,0.506,0.544,11.5
DAL,38.8,86.9,50.2,12.5,36.6,35.2,108.9,99.0,109.4,0.519,0.555,12.7
MEM,38.0,84.4,55.6,9.9,28.9,33.0,103.5,96.6,106.1,0.508,0.548,12.9
NOP,43.7,92.2,62.4,10.3,29.9,36.2,115.4,103.3,111.4,0.529,0.563,12.6
DAL,36.2,82.3,52.2,10.7,30.2,30.7,97.9,92.2,105.6,0.505,0.541,11.6
DEN,37.7,85.4,61.7,8.0,23.7,33.1,101.9,95.7,105.6,0.489,0.531,13.2
MIL,38.4,82.2,66.6,5.4,15.6,31.2,99.0,94.2,104.3,0.499,0.537,14.2
SAC,40.0,86.4,64.0,8.0,22.4,33.7,106.6,100.0,106.0,0.51,0.546,14.2
CHO,35.5,84.5,65.4,6.1,19.1,34.1,94.2,93.0,100.1,0.456,0.498,11.2
CLE,37.0,84.8,64.8,7.1,20.0,32.1,98.2,93.1,104.2,0.479,0.518,13.0
POR,36.7,81.9,58.7,8.2,23.2,30.2,97.5,91.4,105.8,0.498,0.536,13.9
PHO,37.8,82.5,62.9,6.7,19.6,30.8,98.4,92.6,106.2,0.499,0.536,13.3
SAS,42.2,89.4,61.0,10.7,28.5,35.6,114.1,100.5,112.4,0.531,0.572,11.2
WAS,42.1,90.1,56.8,11.3,33.3,32.7,114.0,101.4,111.1,0.531,0.567,12.3
SAC,37.9,82.1,58.2,9.0,23.9,32.3,102.8,94.9,107.3,0.516,0.556,13.7
NYK,36.9,84.0,62.5,7.4,21.5,34.0,98.4,93.4,104.6,0.483,0.527,12.6
DET,37.1,85.8,60.9,8.6,24.9,32.1,98.5,92.8,105.3,0.482,0.515,12.3
LAC,36.8,80.4,61.9,6.3,18.5,30.5,98.6,92.8,105.3,0.496,0.535,15.1
CHI,42.2,88.6,54.6,12.6,34.0,35.3,110.7,99.0,111.1,0.547,0.575,13.6
NOP,42.5,89.1,58.6,10.6,30.4,35.7,114.6,100.1,113.5,0.537,0.57,12.7
SAC,42.6,88.6,55.3,12.1,33.3,32.0,113.7,100.0,113.6,0.549,0.578,12.0
SAC,40.9,88.4,53.5,12.7,34.9,32.9,110.1,98.9,110.2,0.534,0.566,13.0
MIN,39.5,84.4,63.4,7.3,21.0,31.0,105.6,94.6,110.8,0.511,0.555,12.9
NYK,39.6,88.5,63.8,8.6,24.7,33.2,104.3,96.0,107.7,0.496,0.534,12.4
MIN,35.9,81.7,63.7,5.5,18.0,30.2,95.7,92.8,102.9,0.473,0.516,13.8
MIL,37.9,85.6,66.5,6.6,19.2,30.0,99.0,93.7,105.5,0.481,0.521,12.9
SAC,40.5,88.1,54.9,11.4,33.2,33.4,110.3,99.8,109.9,0.525,0.561,12.5
NOP,42.6,91.6,54.8,13.6,36.9,35.4,115.8,103.7,110.7,0.539,0.568,13.9
NOP,38.5,85.9,62.1,8.6,23.8,33.1,102.7,96.8,105.6,0.498,0.537,12.3
DEN,37.8,87.3,62.5,8.0,24.8,32.4,101.5,96.1,104.5,0.479,0.518,12.7
DET,37.3,81.1,65.7,5.8,15.3,27.3,97.0,89.2,107.7,0.495,0.533,12.5
ATL,41.4,91.8,54.8,13.0,37.0,34.5,113.3,103.9,108.1,0.522,0.555,14.3
NYK,40.7,87.7,64.4,8.2,23.3,33.6,104.5,96.8,107.1,0.51,0.544,13.3
ORL,38.3,87.0,60.9,8.5,26.1,33.3,101.1,96.8,103.7,0.489,0.524,12.1
MIN,37.7,81.3,64.9,5.5,16.4,31.5,102.4,95.2,106.5,0.498,0.549,13.9
SAC,36.7,80.7,64.2,5.6,16.5,33.3,101.3,95.4,105.3,0.49,0.542,14.8
DET,38.8,86.9,67.6,6.2,19.3,30.8,101.0,94.9,105.9,0.482,0.514,12.9
DET,36.3,81.0,63.4,6.3,17.6,30.0,94.9,90.8,103.8,0.487,0.521,14.3
WAS,35.5,81.6,63.4,6.6,18.2,32.3,93.2,92.2,100.2,0.475,0.512,14.2
BRK,38.2,86.8,51.1,12.7,35.7,34.8,106.6,98.9,106.9,0.514,0.551,13.6
PHI,37.7,85.3,55.5,10.1,29.8,33.0,102.4,98.5,103.2,0.501,0.539,14.9
SAC,36.9,82.5,64.5,6.0,18.0,32.4,100.5,94.4,105.7,0.484,0.532,13.9
SAC,37.6,84.2,63.7,7.4,20.5,29.1,100.2,93.6,106.2,0.491,0.532,13.4
POR,36.4,82.1,61.1,7.2,20.9,29.5,97.2,91.2,105.7,0.488,0.531,13.4
CHO,41.3,90.4,57.9,10.7,32.5,33.5,111.0,100.8,109.2,0.516,0.55,12.3
POR,38.5,87.1,50.3,12.7,36.8,32.5,106.2,98.3,107.8,0.515,0.55,13.0
TOR,39.7,88.7,49.3,14.5,39.3,32.1,111.3,99.2,112.0,0.529,0.567,11.9
CHI,38.7,88.8,57.8,11.0,31.1,35.0,102.9,98.3,103.8,0.497,0.529,12.6
SAC,38.8,86.1,62.1,9.0,24.0,31.4,98.8,94.9,103.7,0.502,0.529,12.8
LAL,38.3,85.1,60.3,9.4,24.8,32.0,103.0,98.7,104.2,0.505,0.542,13.7
NOH,36.0,80.4,62.4,6.5,18.0,29.6,94.1,88.5,105.7,0.489,0.528,14.0
LAL,39.3,87.4,61.6,8.9,25.7,32.1,104.6,98.5,106.0,0.501,0.537,13.5
MIN,35.7,82.3,60.8,7.2,21.6,31.7,97.9,93.3,104.3,0.477,0.524,14.0
IND,41.4,89.5,54.1,12.2,35.4,32.6,111.5,98.0,112.6,0.531,0.564,12.7
WAS,41.5,90.9,58.3,12.0,32.6,31.9,114.4,102.7,110.9,0.523,0.562,12.2
ORL,38.8,85.9,56.5,10.3,29.3,32.8,103.4,98.1,105.2,0.512,0.545,13.3
ORL,37.5,82.8,63.3,6.8,19.5,31.8,95.7,93.8,101.6,0.494,0.524,14.0
BOS,36.5,83.9,62.9,7.0,21.1,30.5,96.2,93.3,102.9,0.477,0.517,14.2
UTA,36.0,81.1,61.9,6.6,19.2,30.2,95.0,91.4,103.5,0.484,0.523,13.9
PHO,37.3,84.4,66.6,5.9,17.7,29.9,95.2,93.4,101.2,0.477,0.512,14.3
DET,34.7,79.3,65.4,4.8,13.9,28.5,90.9,89.2,101.0,0.468,0.51,15.0
OKC,38.3,89.1,51.8,12.1,37.4,35.2,103.7,98.5,104.6,0.497,0.53,12.5
ATL,38.2,85.5,54.5,11.2,31.0,32.8,103.4,98.3,105.0,0.512,0.547,14.1
DAL,38.1,85.9,53.1,11.8,32.8,33.1,102.3,95.6,106.3,0.513,0.544,11.6
PHO,39.9,88.5,65.9,7.5,22.6,33.1,107.7,100.3,106.6,0.493,0.538,13.4
CLE,36.5,84.2,64.9,6.7,19.3,28.8,96.5,92.3,104.3,0.473,0.514,13.0
NJN,35.6,81.0,64.6,5.6,16.3,29.8,94.2,89.9,103.1,0.474,0.517,13.4
SAC,38.2,85.1,69.5,5.2,15.6,30.8,99.4,95.2,103.5,0.48,0.519,14.4
DET,38.2,88.6,54.0,11.3,34.6,32.0,104.8,98.4,106.0,0.494,0.533,12.6
MIN,40.7,90.9,53.3,13.1,37.6,33.0,112.1,101.6,109.5,0.52,0.555,12.4
CHO,37.3,85.9,51.6,12.1,34.3,31.8,102.9,95.8,106.3,0.504,0.539,13.3
PHO,37.2,85.6,59.8,9.0,25.8,33.3,100.9,98.5,102.2,0.487,0.526,15.2
ORL,36.9,82.7,63.3,6.9,19.5,32.4,96.5,93.6,101.7,0.487,0.525,13.9
GSW,37.7,82.5,62.0,7.9,20.5,29.5,97.8,92.3,105.4,0.505,0.539,13.3
TOR,34.4,78.1,61.8,5.5,16.3,31.4,90.7,89.3,100.8,0.475,0.518,14.8
WAS,37.2,84.0,69.6,4.8,14.4,29.0,97.3,93.8,102.4,0.471,0.513,13.9
HOU,40.6,88.9,56.9,10.4,31.9,32.9,110.7,99.0,111.4,0.516,0.554,14.0
SAS,43.1,92.6,60.4,11.1,32.2,31.9,113.0,101.6,110.2,0.525,0.554,13.0
ORL,38.3,88.3,51.4,12.2,36.9,35.2,104.2,99.2,104.5,0.503,0.538,13.0
CLE,38.6,85.8,56.0,10.0,29.7,32.3,103.8,97.3,105.8,0.508,0.543,13.9
OKC,38.8,88.0,52.9,11.9,35.1,35.7,105.0,101.0,103.5,0.509,0.539,14.2
CHI,39.6,88.6,53.5,12.2,35.1,31.4,106.8,99.7,106.7,0.515,0.547,13.7
CHI,39.8,87.9,62.0,9.1,25.9,34.1,104.9,99.0,104.8,0.505,0.541,12.7
MEM,36.7,82.8,56.5,9.2,26.2,31.0,99.3,94.9,104.5,0.5,0.539,14.0
NJN,34.3,80.6,58.2,7.7,22.4,28.5,93.1,90.1,102.9,0.473,0.516,14.3
SAC,37.7,86.5,66.8,6.2,19.7,29.5,98.8,94.7,103.8,0.472,0.51,13.0
TOR,38.3,82.4,69.1,4.2,13.3,28.6,99.1,92.9,106.1,0.491,0.533,13.7
ORL,38.3,89.2,57.4,10.9,31.8,35.1,104.0,98.7,105.1,0.49,0.527,11.5
NYK,40.0,89.3,61.0,9.6,28.4,34.5,105.8,98.6,106.5,0.501,0.531,12.6
PHO,38.5,87.1,59.2,9.3,27.9,33.9,103.9,100.3,103.5,0.495,0.532,13.9
BRK,38.2,84.4,66.0,6.5,18.4,31.9,98.6,95.2,103.2,0.492,0.527,13.6
LAL,37.2,85.6,66.8,6.5,18.9,32.3,98.5,94.0,103.4,0.473,0.513,12.1
CHA,34.4,81.1,64.0,5.7,17.1,29.1,93.4,91.5,101.5,0.46,0.507,13.2
CLE,34.3,81.2,61.9,6.7,19.3,29.5,93.0,91.3,101.1,0.463,0.505,14.3
NOH,34.8,77.3,65.5,3.9,11.8,30.2,89.6,88.3,100.9,0.476,0.517,15.2
HOU,39.4,86.4,47.7,13.5,38.7,32.4,109.7,100.9,108.4,0.534,0.565,14.5
DET,38.7,85.6,52.7,11.6,32.9,33.1,106.6,97.9,108.0,0.519,0.556,13.5
ATL,40.6,90.6,54.5,12.0,36.1,33.4,111.8,103.0,107.2,0.515,0.554,13.8
DET,39.3,85.7,53.0,12.0,32.7,32.0,107.2,97.6,109.0,0.529,0.561,13.8
BRK,37.8,85.2,53.6,10.7,31.6,35.1,105.8,101.3,104.1,0.507,0.551,14.7
ORL,37.7,84.2,65.5,6.2,18.7,31.9,94.1,92.2,101.6,0.485,0.514,13.7
WAS,36.6,83.0,66.7,5.2,16.3,29.9,93.6,92.5,101.0,0.472,0.508,14.2
CLE,40.3,87.9,56.1,11.2,31.8,33.4,106.9,98.7,107.5,0.522,0.553,14.6
MIN,40.4,91.6,52.0,13.3,39.7,34.3,113.3,103.4,108.1,0.514,0.551,13.0
CLE,38.9,87.6,58.5,10.3,29.1,31.9,104.5,96.6,107.7,0.503,0.54,12.2
PHO,40.1,87.4,58.1,9.6,29.3,31.3,107.5,100.5,105.9,0.514,0.552,13.8
PHI,37.9,87.2,64.7,7.0,22.5,31.2,99.5,99.2,99.4,0.475,0.51,14.8
CLE,35.2,81.1,62.9,6.2,18.2,29.9,95.5,93.0,102.2,0.472,0.518,13.4
PHI,33.7,82.6,56.3,8.4,26.3,30.9,92.0,95.7,95.5,0.459,0.494,16.0
DET,39.6,87.1,54.6,11.4,32.4,31.3,110.3,99.0,110.7,0.52,0.561,13.3
HOU,39.3,88.5,47.9,13.8,40.6,33.3,108.8,101.4,107.1,0.521,0.553,13.0
NYK,38.2,88.3,58.8,10.0,29.5,34.3,104.6,99.6,104.5,0.49,0.529,12.4
LAL,35.1,84.8,60.2,7.8,24.6,32.3,97.3,95.6,101.6,0.46,0.509,12.5
NYK,35.1,82.0,62.3,6.8,19.7,29.8,91.9,91.2,99.9,0.47,0.508,14.0
MIN,37.7,85.5,66.5,7.2,19.1,31.2,101.1,96.5,104.2,0.483,0.526,15.1
MIN,36.4,83.2,68.3,5.0,14.9,29.3,97.8,94.4,102.9,0.468,0.517,13.7
GSW,38.6,88.2,56.9,10.4,31.3,32.9,106.3,100.3,105.2,0.497,0.54,13.2
MIL,36.0,82.2,63.2,6.7,18.9,29.3,95.5,91.8,103.0,0.479,0.519,14.1
PHI,36.2,84.0,56.5,9.3,27.5,31.8,97.4,97.9,98.8,0.487,0.519,14.8
CHA,33.2,80.2,66.7,4.0,13.5,28.7,87.0,91.1,95.2,0.439,0.483,13.9
